SCHOOL,SCHOOL NAME,ATTD DATE,%ATTD
01M015,P.S. 015 ROBERTO CLEMENTE,6/14/2024,85.00
01M020,P.S. 020 ANNA SILVER,6/14/2024,81.84
01M034,P.S. 034 FRANKLIN D. ROOSEVELT,6/14/2024,80.18
01M063,THE STAR ACADEMY   P.S.63,6/14/2024,86.15
01M064,P.S. 064 ROBERT SIMON,6/14/2024,80.23
01M110,P.S. 110 FLORENCE NIGHTINGALE,6/14/2024,91.66
01M134,P.S. 134 HENRIETTA SZOLD,6/14/2024,77.22
01M140,P.S. 140 NATHAN STRAUS,6/14/2024,72.93
01M142,P.S. 142 AMALIA CASTRO,6/14/2024,85.14
01M184,P.S. 184M SHUANG WEN,6/14/2024,94.69
01M188,P.S. 188 THE ISLAND SCHOOL,6/14/2024,78.58
01M315,THE EAST VILLAGE COMMUNITY SCHOOL,6/14/2024,95.54
01M332,UNIVERSITY NEIGHBORHOOD MIDDLE SCHOOL,6/14/2024,69.18
01M361,THE CHILDREN S WORKSHOP SCHOOL,6/14/2024,86.00
01M363,NEIGHBORHOOD SCHOOL,6/14/2024,87.44
01M364,EARTH SCHOOL,6/14/2024,91.91
01M378,SCHOOL FOR GLOBAL LEADERS,6/14/2024,81.81
01M450,EAST SIDE COMMUNITY SCHOOL,6/14/2024,100.00
01M539,"NEW EXPLORATIONS INTO SCIENCE, TECHNOLOGY AND MATH",6/14/2024,95.43
01M839,TOMPKINS SQUARE MIDDLE SCHOOL,6/14/2024,89.37
02M001,P.S. 001 ALFRED E. SMITH,6/14/2024,84.41
02M002,P.S. 002 MEYER LONDON,6/14/2024,86.07
02M003,P.S. 003 CHARRETTE SCHOOL,6/14/2024,93.19
02M006,P.S. 006 LILLIE D. BLAKE,6/14/2024,95.48
02M011,P.S. 011: THE SARAH J. GARNET ELEMENTARY SCHOOL,6/14/2024,90.38
02M033,P.S. 033 CHELSEA PREP,6/14/2024,82.34
02M040,P.S. 040 AUGUSTUS SAINT GAUDENS,6/14/2024,95.69
02M041,P.S. 041 GREENWICH VILLAGE,6/14/2024,95.59
02M042,P.S. 042 BENJAMIN ALTMAN,6/14/2024,92.07
02M051,P.S. 051 ELIAS HOWE,6/14/2024,78.36
02M059,P.S. 059 BEEKMAN HILL INTERNATIONAL,6/14/2024,92.91
02M077,P.S. 77 LOWER LAB SCHOOL,6/14/2024,97.52
02M089,P.S. 89,6/14/2024,92.81
02M104,J.H.S. 104 SIMON BARUCH,6/14/2024,81.02
02M111,P.S. 111 ADOLPH S. OCHS,6/14/2024,83.33
02M114,EAST SIDE MIDDLE SCHOOL,6/14/2024,95.31
02M116,P.S. 116 MARY LINDLEY MURRAY,6/14/2024,79.21
02M124,P.S. 124 YUNG WING,6/14/2024,97.33
02M126,P.S. 126 JACOB AUGUST RIIS,6/14/2024,90.81
02M130,P.S. 130 HERNANDO DE SOTO,6/14/2024,94.06
02M131,M.S. 131,6/14/2024,85.91
02M135,THE URBAN ASSEMBLY SCHOOL FOR EMERGENCY MANAGEMENT,6/14/2024,80.64
02M150,P.S. 150,6/14/2024,93.46
02M151,YORKVILLE COMMUNITY SCHOOL,6/14/2024,89.79
02M158,P.S. 158 BAYARD TAYLOR,6/14/2024,92.79
02M167,J.H.S. 167 ROBERT F. WAGNER,6/14/2024,88.15
02M177,YORKVILLE EAST MIDDLE SCHOOL,6/14/2024,92.20
02M183,P.S. 183 ROBERT L. STEVENSON,6/14/2024,96.20
02M198,P.S. 198 ISADOR E. IDA STRAUS,6/14/2024,89.36
02M212,P.S. 212 MIDTOWN WEST,6/14/2024,82.35
02M217,P.S. I.S. 217 ROOSEVELT ISLAND,6/14/2024,91.46
02M225,ELLA BAKER SCHOOL,6/14/2024,92.05
02M234,P.S. 234 INDEPENDENCE SCHOOL,6/14/2024,91.92
02M255,M.S. 255 SALK SCHOOL OF SCIENCE,6/14/2024,95.90
02M260,THE CLINTON SCHOOL,6/14/2024,87.30
02M267,"EAST SIDE ELEMENTARY SCHOOL, PS 267",6/14/2024,94.42
02M276,BATTERY PARK CITY SCHOOL,6/14/2024,90.06
02M281,THE RIVER SCHOOL,6/14/2024,92.91
02M289,I.S. 289,6/14/2024,93.79
02M290,P.S. 290 MANHATTAN NEW SCHOOL,6/14/2024,95.64
02M297,M.S. 297,6/14/2024,67.30
02M300,"URBAN ASSEMBLY SCHOOL OF DESIGN AND CONSTRUCTION,",6/14/2024,NS
02M312,NEW YORK CITY LAB MIDDLE SCHOOL FOR COLLABORATIVE,6/14/2024,97.22
02M340,SIXTH AVENUE ELEMENTARY SCHOOL,6/14/2024,90.31
02M343,THE PECK SLIP SCHOOL,6/14/2024,84.56
02M347,THE 47 AMERICAN SIGN LANGUAGE   ENGLISH LOWER SCHO,6/14/2024,84.52
02M391,DISTRICT 2 PRE K CENTER,6/14/2024,92.95
02M397,SPRUCE STREET SCHOOL,6/14/2024,93.88
02M407,INSTITUTE FOR COLLABORATIVE EDUCATION,6/14/2024,90.90
02M408,PROFESSIONAL PERFORMING ARTS HIGH SCHOOL,6/14/2024,68.18
02M413,SCHOOL OF THE FUTURE HIGH SCHOOL,6/14/2024,98.18
02M422,QUEST TO LEARN,6/14/2024,80.78
02M442,"BALLET TECH, NYC PUBLIC SCHOOL FOR DANCE",6/14/2024,93.85
02M459,MANHATTAN INTERNATIONAL HIGH SCHOOL,6/14/2024,95.35
02M527,P.S. 527   EAST SIDE SCHOOL FOR SOCIAL ACTION,6/14/2024,94.20
02M565,URBAN ACADEMY LABORATORY HIGH SCHOOL,6/14/2024,81.53
02M570,SATELLITE ACADEMY HIGH SCHOOL,6/14/2024,NS
02M896,LOWER MANHATTAN COMMUNITY MIDDLE SCHOOL,6/14/2024,89.90
02M933,CITY KNOLL MIDDLE SCHOOL,6/14/2024,74.09
03M009,P.S. 009 SARAH ANDERSON,6/14/2024,95.06
03M054,J.H.S. 054 BOOKER T. WASHINGTON,6/14/2024,93.57
03M075,P.S. 075 EMILY DICKINSON,6/14/2024,84.89
03M076,P.S. 076 A. PHILIP RANDOLPH,6/14/2024,83.56
03M084,P.S. 084 LILLIAN WEBER,6/14/2024,91.28
03M087,P.S. 087 WILLIAM SHERMAN,6/14/2024,92.77
03M145,"P.S. 145, THE BLOOMINGDALE SCHOOL",6/14/2024,80.27
03M149,P.S. 149 SOJOURNER TRUTH,6/14/2024,79.66
03M163,P.S. 163 ALFRED E. SMITH,6/14/2024,82.69
03M165,P.S. 165 ROBERT E. SIMON,6/14/2024,84.04
03M166,P.S. 166 THE RICHARD RODGERS SCHOOL OF THE ARTS AN,6/14/2024,92.01
03M180,P.S. 180 HUGO NEWMAN,6/14/2024,78.13
03M185,THE LOCKE SCHOOL OF ARTS AND ENGINEERING,6/14/2024,81.84
03M191,THE RIVERSIDE SCHOOL FOR MAKERS AND ARTISTS,6/14/2024,75.74
03M199,P.S. 199 JESSIE ISADOR STRAUS,6/14/2024,91.40
03M241,STEM INSTITUTE OF MANHATTAN,6/14/2024,69.07
03M242,P.S. 242   THE YOUNG DIPLOMATS MAGNET ACADEMY,6/14/2024,77.98
03M243,M.S. 243 CENTER SCHOOL,6/14/2024,NS
03M245,M.S. M245 THE COMPUTER SCHOOL,6/14/2024,95.59
03M247,M.S. M247 DUAL LANGUAGE MIDDLE SCHOOL,6/14/2024,86.15
03M256,LAFAYETTE ACADEMY,6/14/2024,78.21
03M258,COMMUNITY ACTION SCHOOL   MS 258,6/14/2024,NS
03M291,WEST END SECONDARY SCHOOL,6/14/2024,96.91
03M333,P.S. 333 MANHATTAN SCHOOL FOR CHILDREN,6/14/2024,84.90
03M334,THE ANDERSON SCHOOL,6/14/2024,96.46
03M403,THE GLOBAL LEARNING COLLABORATIVE,6/14/2024,NS
03M415,WADLEIGH SECONDARY SCHOOL FOR THE PERFORMING   VIS,6/14/2024,63.63
03M421,WEST PREP ACADEMY,6/14/2024,83.73
03M452,P.S. 452,6/14/2024,90.07
03M610,YOUNG WOMEN S LEADERSHIP SCHOOL,6/14/2024,NS
03M859,SPECIAL MUSIC SCHOOL,6/14/2024,92.79
03M860,FREDERICK DOUGLASS ACADEMY II SECONDARY SCHOOL,6/14/2024,72.72
03M862,MOTT HALL II,6/14/2024,88.17
04M007,P.S. 007 SAMUEL STERN,6/14/2024,76.71
04M012,TAG YOUNG SCHOLARS,6/14/2024,95.28
04M037,RIVER EAST ELEMENTARY,6/14/2024,84.33
04M038,P.S. 38 ROBERTO CLEMENTE,6/14/2024,72.35
04M057,JAMES WELDON JOHNSON,6/14/2024,79.45
04M072,THE LEXINGTON ACADEMY,6/14/2024,73.89
04M083,P.S. 083 LUIS MUNOZ RIVERA,6/14/2024,89.22
04M096,P.S. 096 JOSEPH LANZETTA,6/14/2024,84.51
04M102,P.S. 102 JACQUES CARTIER,6/14/2024,80.44
04M108,P.S. 108 ASSEMBLYMAN ANGELO DEL TORO EDUCATIONAL C,6/14/2024,77.48
04M112,P.S. 112 JOSE CELSO BARBOSA,6/14/2024,81.93
04M146,P.S. 146 ANN M. SHORT,6/14/2024,83.17
04M155,P.S. 155 WILLIAM PACA,6/14/2024,83.85
04M171,P.S. 171 PATRICK HENRY,6/14/2024,86.78
04M182,THE BILINGUAL BICULTURAL SCHOOL,6/14/2024,NS
04M206,P.S. 206 JOSE CELSO BARBOSA,6/14/2024,71.46
04M224,M.S. 224 MANHATTAN EAST SCHOOL FOR ARTS   ACADEMIC,6/14/2024,76.40
04M372,ESPERANZA PREPARATORY ACADEMY,6/14/2024,60.00
04M375,MOSAIC PREPARATORY ACADEMY,6/14/2024,75.90
04M377,RENAISSANCE SCHOOL OF THE ARTS,6/14/2024,74.82
04M497,CENTRAL PARK EAST I,6/14/2024,94.87
04M825,ISAAC NEWTON MIDDLE SCHOOL FOR MATH   SCIENCE,6/14/2024,86.94
04M964,CENTRAL PARK EAST II,6/14/2024,83.18
05M030,P.S. 030 HERNANDEZ HUGHES,6/14/2024,80.26
05M036,P.S. 036 MARGARET DOUGLAS,6/14/2024,81.31
05M046,P.S. 046 ARTHUR TAPPAN,6/14/2024,82.02
05M092,P.S. 092 MARY MCLEOD BETHUNE,6/14/2024,79.78
05M123,P.S. 123 MAHALIA JACKSON,6/14/2024,74.63
05M125,P.S. 125 RALPH BUNCHE,6/14/2024,83.40
05M129,P.S. 129 JOHN H. FINLEY,6/14/2024,86.51
05M133,P.S. 133 FRED R MOORE,6/14/2024,85.30
05M148,EAGLE ACADEMY FOR YOUNG MEN OF HARLEM,6/14/2024,93.33
05M154,P.S. 154 HARRIET TUBMAN,6/14/2024,83.82
05M161,P.S. 161 PEDRO ALBIZU CAMPOS,6/14/2024,73.18
05M175,P.S. 175 HENRY H GARNET,6/14/2024,87.37
05M194,P.S. 194 COUNTEE CULLEN,6/14/2024,78.78
05M197,P.S. 197 JOHN B. RUSSWURM,6/14/2024,71.66
05M200,P.S. 200  THE JAMES MCCUNE SMITH SCHOOL,6/14/2024,75.57
05M286,URBAN ASSEMBLY ACADEMY FOR FUTURE LEADERS,6/14/2024,84.88
05M318,THURGOOD MARSHALL ACADEMY LOWER SCHOOL,6/14/2024,61.37
05M362,COLUMBIA SECONDARY SCHOOL,6/14/2024,89.39
05M371,SCHOOL OF EARTH EXPLORATION AND DISCOVERY HARLEM,6/14/2024,83.01
05M499,FREDERICK DOUGLASS ACADEMY,6/14/2024,95.10
05M514,NEW DESIGN MIDDLE SCHOOL,6/14/2024,NS
05M517,TEACHERS COLLEGE COMMUNITY SCHOOL,6/14/2024,72.04
05M670,THURGOOD MARSHALL ACADEMY FOR LEARNING AND SOCIAL,6/14/2024,78.15
06M004,P.S. 004 DUKE ELLINGTON,6/14/2024,84.28
06M005,P.S. 005 ELLEN LURIE,6/14/2024,80.00
06M008,P.S. 008 LUIS BELLIARD,6/14/2024,86.35
06M018,P.S. 018 PARK TERRACE,6/14/2024,83.88
06M028,P.S. 028 WRIGHT BROTHERS,6/14/2024,87.28
06M048,P.S. 048 P.O. MICHAEL J. BUCZEK,6/14/2024,85.92
06M052,HAROLD O. LEVY SCHOOL,6/14/2024,83.05
06M098,P.S. 098 SHORAC KAPPOCK,6/14/2024,85.90
06M103,DOS PUENTES ELEMENTARY SCHOOL,6/14/2024,90.69
06M115,P.S. 115 ALEXANDER HUMBOLDT,6/14/2024,85.53
06M128,P.S. 128 AUDUBON,6/14/2024,88.50
06M132,P.S. 132 JUAN PABLO DUARTE,6/14/2024,94.35
06M143,J.H.S. 143 ELEANOR ROOSEVELT,6/14/2024,82.56
06M152,P.S. 152 DYCKMAN VALLEY,6/14/2024,87.24
06M153,P.S. 153 ADAM CLAYTON POWELL,6/14/2024,87.52
06M173,P.S. 173,6/14/2024,81.58
06M178,PROFESSOR JUAN BOSCH PUBLIC SCHOOL,6/14/2024,88.01
06M187,P.S. I.S. 187 HUDSON CLIFFS,6/14/2024,91.05
06M189,P.S. 189,6/14/2024,87.08
06M192,P.S. 192 JACOB H. SCHIFF,6/14/2024,85.94
06M209,HAMILTON GRANGE MIDDLE SCHOOL,6/14/2024,87.46
06M210,P.S. I.S. 210   TWENTY FIRST CENTURY ACADEMY FOR C,6/14/2024,88.86
06M223,THE MOTT HALL SCHOOL,6/14/2024,90.71
06M278,PAULA HEDBAVNY SCHOOL,6/14/2024,85.71
06M293,CITY COLLEGE ACADEMY OF THE ARTS,6/14/2024,85.52
06M311,AMISTAD DUAL LANGUAGE SCHOOL,6/14/2024,91.87
06M314,MUSCOTA,6/14/2024,93.77
06M319,M.S. 319   MARIA TERESA,6/14/2024,86.45
06M322,MIDDLE SCHOOL 322,6/14/2024,81.04
06M324,M.S. 324   PATRIA MIRABAL,6/14/2024,85.77
06M328,COMMUNITY MATH   SCIENCE PREP,6/14/2024,82.19
06M346,COMMUNITY HEALTH ACADEMY OF THE HEIGHTS,6/14/2024,73.35
06M348,WASHINGTON HEIGHTS EXPEDITIONARY LEARNING SCHOOL,6/14/2024,92.16
06M366,WASHINGTON HEIGHTS ACADEMY,6/14/2024,85.83
06M368,THE WILLIAM LYNCH SCHOOL,6/14/2024,88.75
06M513,CASTLE BRIDGE SCHOOL,6/14/2024,94.20
06M528,I.S. 528 BEA FULLER RODGERS SCHOOL,6/14/2024,85.77
07X001,P.S. 001 COURTLANDT SCHOOL,6/14/2024,88.49
07X005,P.S. 5 PORT MORRIS,6/14/2024,84.70
07X018,P.S. 018 JOHN PETER ZENGER,6/14/2024,88.72
07X025,P.S. 025 BILINGUAL SCHOOL,6/14/2024,89.15
07X029,P.S. M.S. 029 MELROSE SCHOOL,6/14/2024,85.93
07X030,P.S. 030 WILTON,6/14/2024,87.03
07X031,P.S. M.S. 031 THE WILLIAM LLOYD GARRISON,6/14/2024,91.12
07X043,P.S. 043 JONAS BRONCK,6/14/2024,92.06
07X049,P.S. 049 WILLIS AVENUE,6/14/2024,85.02
07X065,P.S. 065 MOTHER HALE ACADEMY,6/14/2024,93.75
07X154,P.S. 154 JONATHAN D. HYATT,6/14/2024,94.11
07X157,P.S. 157 GROVE HILL,6/14/2024,82.74
07X161,P.S. 161 JUAN PONCE DE LEON SCHOOL,6/14/2024,84.25
07X179,P.S. 179,6/14/2024,86.57
07X221,SOUTH BRONX PREPARATORY: A COLLEGE BOARD SCHOOL,6/14/2024,87.44
07X223,THE LABORATORY SCHOOL OF FINANCE AND TECHNOLOGY: X,6/14/2024,84.43
07X224,P.S. I.S. 224,6/14/2024,86.91
07X277,P.S. 277,6/14/2024,88.75
07X296,SOUTH BRONX ACADEMY FOR APPLIED MEDIA,6/14/2024,80.10
07X298,ACADEMY OF PUBLIC RELATIONS,6/14/2024,87.41
07X343,ACADEMY OF APPLIED MATHEMATICS AND TECHNOLOGY,6/14/2024,89.96
07X359,CONCOURSE VILLAGE ELEMENTARY SCHOOL,6/14/2024,94.28
07X369,YOUNG LEADERS ELEMENTARY SCHOOL,6/14/2024,90.29
07X427,COMMUNITY SCHOOL FOR SOCIAL JUSTICE,6/14/2024,NS
07X500,HOSTOS LINCOLN ACADEMY OF SCIENCE,6/14/2024,73.14
07X533,LEARNING THROUGH PLAY PRE K CENTER,6/14/2024,84.18
07X551,THE URBAN ASSEMBLY BRONX ACADEMY OF LETTERS,6/14/2024,81.70
07X584,I.S. 584,6/14/2024,87.56
07X642,SOUTH BRONX LITERACY ACADEMY,6/14/2024,89.06
08X014,P.S. X014 SENATOR JOHN CALANDRA,6/14/2024,86.35
08X036,P.S. 036 UNIONPORT,6/14/2024,89.10
08X048,P.S. 048 JOSEPH R. DRAKE,6/14/2024,77.56
08X062,P.S. 062 INOCENSIO CASANOVA,6/14/2024,85.65
08X069,P.S. 069 JOURNEY PREP SCHOOL,6/14/2024,83.89
08X071,P.S. 071 ROSE E. SCALA,6/14/2024,89.37
08X072,P.S. 072 DR. WILLIAM DORNEY,6/14/2024,86.13
08X075,P.S. 75 SCHOOL OF RESEARCH AND DISCOVERY,6/14/2024,84.12
08X093,P.S. 093 ALBERT G. OLIVER,6/14/2024,87.36
08X100,P.S. 100 ISAAC CLASON,6/14/2024,80.98
08X101,M.S. X101 EDWARD R. BYRNE,6/14/2024,88.25
08X107,P.S. 107,6/14/2024,81.25
08X119,THE DR. EMMETT W. BASSETT SCHOOL,6/14/2024,86.98
08X123,J.H.S. 123 JAMES M. KIERAN,6/14/2024,85.84
08X130,P.S. 130 ABRAM STEVENS HEWITT,6/14/2024,84.02
08X131,J.H.S. 131 ALBERT EINSTEIN,6/14/2024,77.19
08X138,P.S. 138 SAMUEL RANDALL,6/14/2024,85.68
08X140,P.S. X140 THE EAGLE SCHOOL,6/14/2024,76.83
08X146,P.S. 146 EDWARD COLLINS,6/14/2024,83.17
08X152,P.S. 152 EVERGREEN,6/14/2024,85.27
08X182,P.S. 182,6/14/2024,78.78
08X269,BRONX STUDIO SCHOOL FOR WRITERS AND ARTISTS,6/14/2024,81.40
08X301,M.S. 301 PAUL L. DUNBAR,6/14/2024,65.73
08X302,M.S. 302 LUISA DESSUS CRUZ,6/14/2024,82.51
08X304,P.S. 304 EARLY CHILDHOOD SCHOOL,6/14/2024,87.29
08X333,THE LONGWOOD ACADEMY OF DISCOVERY,6/14/2024,86.54
08X337,THE SCHOOL FOR INQUIRY AND SOCIAL JUSTICE,6/14/2024,85.41
08X367,"ARCHIMEDES ACADEMY FOR MATH, SCIENCE AND TECHNOLOG",6/14/2024,93.43
08X371,URBAN INSTITUTE OF MATHEMATICS,6/14/2024,86.44
08X375,THE BRONX MATHEMATICS PREPARATORY SCHOOL,6/14/2024,83.81
08X376,ANTONIA PANTOJA PREPARATORY ACADEMY: A COLLEGE BOA,6/14/2024,78.52
08X392,BRONX DELTA SCHOOL,6/14/2024,82.48
08X424,BRONX ACADEMY FOR MULTI MEDIA,6/14/2024,84.58
08X448,SOUNDVIEW ACADEMY FOR CULTURE AND SCHOLARSHIP,6/14/2024,74.42
08X467,MOTT HALL COMMUNITY SCHOOL,6/14/2024,73.03
08X562,PUGSLEY PREPARATORY ACADEMY,6/14/2024,76.74
08X583,P.S. 583,6/14/2024,89.73
09X004,P.S. M.S. 004 CROTONA PARK WEST,6/14/2024,88.10
09X011,P.S. 011 HIGHBRIDGE,6/14/2024,82.73
09X022,J.H.S. 022 JORDAN L. MOTT,6/14/2024,82.97
09X028,P.S. 028 MOUNT HOPE,6/14/2024,77.44
09X035,P.S. 035 FRANZ SIEGEL,6/14/2024,88.50
09X042,P.S. 042 CLAREMONT,6/14/2024,81.53
09X053,P.S. 053 BASHEER QUISIM,6/14/2024,87.89
09X055,P.S. 055 BENJAMIN FRANKLIN,6/14/2024,82.59
09X058,P.S. 058,6/14/2024,85.44
09X063,P.S. 063 AUTHOR S ACADEMY,6/14/2024,83.21
09X070,P.S. 070 MAX SCHOENFELD,6/14/2024,81.87
09X073,P.S. 073 BRONX,6/14/2024,82.77
09X088,P.S. X088   S. SILVERSTEIN LITTLE SPARROW SCHOOL,6/14/2024,91.30
09X109,P.S. 109 SEDGWICK,6/14/2024,81.63
09X110,P.S. 110 THEODORE SCHOENFELD,6/14/2024,85.20
09X114,P.S. X114   LUIS LLORENS TORRES SCHOOLS,6/14/2024,84.09
09X117,I.S. 117 JOSEPH H. WADE,6/14/2024,85.00
09X126,P.S. 126 DR MARJORIE H DUNBAR,6/14/2024,84.35
09X128,MOTT HALL III,6/14/2024,80.34
09X132,P.S. 132 GARRET A. MORGAN,6/14/2024,81.76
09X163,P.S. 163 ARTHUR A. SCHOMBURG,6/14/2024,85.71
09X170,P.S. 170,6/14/2024,83.33
09X199,P.S. 199X   THE SHAKESPEARE SCHOOL,6/14/2024,86.72
09X204,P.S. 204 MORRIS HEIGHTS,6/14/2024,84.66
09X215,KAPPA,6/14/2024,79.00
09X218,P.S. I.S. 218 RAFAEL HERNANDEZ DUAL LANGUAGE MAGNE,6/14/2024,90.34
09X219,I.S. 219 NEW VENTURE SCHOOL,6/14/2024,82.31
09X229,I.S. 229 ROLAND PATTERSON,6/14/2024,86.95
09X231,EAGLE ACADEMY FOR YOUNG MEN,6/14/2024,85.47
09X232,I.S. 232,6/14/2024,85.11
09X236,P.S. 236 LANGSTON HUGHES,6/14/2024,87.88
09X241,URBAN ASSEMBLY SCHOOL FOR APPLIED MATH AND SCIENCE,6/14/2024,66.25
09X274,THE NEW AMERICAN ACADEMY AT ROBERTO CLEMENTE STATE,6/14/2024,87.46
09X294,THE WALTON AVENUE SCHOOL,6/14/2024,85.67
09X303,I.S. X303 LEADERSHIP   COMMUNITY SERVICE,6/14/2024,90.18
09X311,LUCERO ELEMENTARY SCHOOL,6/14/2024,87.57
09X313,I.S. 313 SCHOOL OF LEADERSHIP DEVELOPMENT,6/14/2024,79.76
09X323,BRONX WRITING ACADEMY,6/14/2024,84.87
09X324,BRONX EARLY COLLEGE ACADEMY FOR TEACHING   LEARNIN,6/14/2024,80.48
09X327,COMPREHENSIVE MODEL SCHOOL PROJECT M.S. 327,6/14/2024,85.90
09X328,NEW MILLENNIUM BRONX ACADEMY OF THE ARTS,6/14/2024,87.16
09X339,I.S. 339,6/14/2024,74.19
09X361,THE HIGHBRIDGE GREEN SCHOOL,6/14/2024,91.05
09X413,BRONX HIGH SCHOOL FOR MEDICAL SCIENCE,6/14/2024,91.03
09X443,THE FAMILY SCHOOL,6/14/2024,81.20
09X449,GRANT AVENUE ELEMENTARY SCHOOL,6/14/2024,87.46
09X454,SCIENCE AND TECHNOLOGY ACADEMY: A MOTT HALL SCHOOL,6/14/2024,76.78
09X457,SHERIDAN ACADEMY FOR YOUNG LEADERS,6/14/2024,86.92
09X505,"BRONX SCHOOL FOR LAW, GOVERNMENT AND JUSTICE",6/14/2024,83.14
09X555,MOUNT EDEN CHILDREN S ACADEMY,6/14/2024,87.14
09X568,YOUNG WOMEN S LEADERSHIP SCHOOL OF THE BRONX,6/14/2024,73.23
09X582,GARDEN OF LEARNING AND DISCOVERY PRE K CENTER,6/14/2024,71.00
09X593,SOUTH BRONX INTERNATIONAL MIDDLE SCHOOL,6/14/2024,83.12
09X594,NEW PATHWAYS ACADEMY,6/14/2024,78.80
10X003,P.S. 3 RAUL JULIA MICRO SOCIETY,6/14/2024,90.22
10X007,MILTON FEIN SCHOOL,6/14/2024,90.76
10X008,P.S. 008 ISAAC VARIAN,6/14/2024,84.83
10X009,P.S. 9 RYER AVENUE ELEMENTARY SCHOOL,6/14/2024,85.52
10X015,P.S. X015 INSTITUTE FOR ENVIRONMENTAL LEARNING,6/14/2024,91.97
10X020,"PS MS 20 P.O.GEORGE J. WERDANN, III",6/14/2024,82.88
10X023,P.S. 023 THE NEW CHILDREN S SCHOOL,6/14/2024,84.18
10X024,P.S. 024 SPUYTEN DUYVIL,6/14/2024,93.99
10X032,P.S. 032 BELMONT,6/14/2024,80.61
10X033,P.S. 033 TIMOTHY DWIGHT,6/14/2024,82.86
10X037,P.S. X037   MULTIPLE INTELLIGENCE SCHOOL,6/14/2024,79.32
10X045,THOMAS C. GIORDANO MIDDLE SCHOOL 45,6/14/2024,75.79
10X046,P.S. 046 EDGAR ALLAN POE,6/14/2024,90.19
10X051,THE BRONX STEM AND ARTS ACADEMY,6/14/2024,85.71
10X054,P.S. I.S. 54,6/14/2024,89.32
10X056,P.S. 056 NORWOOD HEIGHTS,6/14/2024,88.67
10X059,P.S. 059 THE COMMUNITY SCHOOL OF TECHNOLOGY,6/14/2024,81.41
10X077,BEDFORD PARK ELEMENTARY SCHOOL,6/14/2024,84.56
10X080,J.H.S. 080 THE MOSHOLU PARKWAY,6/14/2024,81.20
10X081,P.S. 081 ROBERT J. CHRISTEN,6/14/2024,92.15
10X085,P.S. 085 GREAT EXPECTATIONS,6/14/2024,86.18
10X086,P.S. 086 KINGSBRIDGE HEIGHTS,6/14/2024,89.15
10X091,P.S. 091 BRONX,6/14/2024,83.60
10X094,P.S. 094 KINGS COLLEGE SCHOOL,6/14/2024,88.80
10X095,P.S. 095 SHEILA MENCHER,6/14/2024,84.14
10X118,J.H.S. 118 WILLIAM W. NILES,6/14/2024,87.37
10X141,RIVERDALE   KINGSBRIDGE ACADEMY  MIDDLE SCHOOL   H,6/14/2024,89.87
10X159,P.S. 159 LUIS MUNOZ MARIN BILING,6/14/2024,88.66
10X205,P.S. 205 FIORELLO LAGUARDIA,6/14/2024,85.46
10X206,I.S. 206 ANN MERSEREAU,6/14/2024,85.12
10X207,P.S. 207,6/14/2024,86.98
10X209,P.S. 209,6/14/2024,95.05
10X225,THEATRE ARTS PRODUCTION COMPANY SCHOOL,6/14/2024,85.29
10X226,P.S. 226,6/14/2024,90.82
10X228,JONAS BRONCK ACADEMY,6/14/2024,80.48
10X243,WEST BRONX ACADEMY FOR THE FUTURE,6/14/2024,78.75
10X244,THE NEW SCHOOL FOR LEADERSHIP AND JOURNALISM,6/14/2024,80.69
10X246,P.S. 246 POE CENTER,6/14/2024,85.16
10X254,I.S. 254,6/14/2024,87.25
10X279,"P.S. 279 CAPTAIN MANUEL RIVERA, JR.",6/14/2024,89.58
10X280,P.S. M.S. 280 MOSHOLU PARKWAY,6/14/2024,81.76
10X284,BRONX SCHOOL OF LAW AND FINANCE,6/14/2024,NS
10X291,P.S. 291,6/14/2024,89.80
10X306,P.S. 306,6/14/2024,86.85
10X308,BRONX DANCE ACADEMY SCHOOL,6/14/2024,77.77
10X310,P.S. 310 MARBLE HILL,6/14/2024,85.24
10X315,P.S. 315 LAB SCHOOL,6/14/2024,75.35
10X331,THE BRONX SCHOOL OF YOUNG LEADERS,6/14/2024,82.58
10X340,P.S. 340,6/14/2024,88.85
10X342,INTERNATIONAL SCHOOL FOR LIBERAL ARTS,6/14/2024,90.51
10X344,AMPARK NEIGHBORHOOD,6/14/2024,93.66
10X360,P.S. 360,6/14/2024,83.81
10X363,ACADEMY FOR PERSONAL LEADERSHIP AND EXCELLENCE,6/14/2024,84.52
10X368,IN TECH ACADEMY  M.S.   HIGH SCHOOL 368,6/14/2024,89.05
10X382,"ELEMENTARY SCHOOL FOR MATH, SCIENCE, AND TECHNOLOG",6/14/2024,90.41
10X386,SCHOOL FOR ENVIRONMENTAL CITIZENSHIP,6/14/2024,91.92
10X390,M.S. 390,6/14/2024,92.94
10X391,THE ANGELO PATRI MIDDLE SCHOOL,6/14/2024,86.50
10X396,P.S. 396,6/14/2024,90.94
10X447,CRESTON ACADEMY,6/14/2024,89.02
10X535,ROSE HILL PRE K CENTER,6/14/2024,81.12
11X016,P.S. 016 WAKEFIELD,6/14/2024,81.71
11X019,P.S. 019 JUDITH K. WEISS,6/14/2024,93.22
11X021,P.S. 021 PHILIP H. SHERIDAN,6/14/2024,80.12
11X041,P.S. 041 GUN HILL ROAD,6/14/2024,77.50
11X068,P.S. 068 BRONX,6/14/2024,82.85
11X076,P.S. 076 THE BENNINGTON SCHOOL,6/14/2024,85.97
11X078,P.S. 078 ANNE HUTCHINSON,6/14/2024,77.11
11X083,P.S. 083 DONALD HERTZ,6/14/2024,87.54
11X087,P.S. 087 BRONX,6/14/2024,89.96
11X089,P.S. 089 BRONX,6/14/2024,83.03
11X096,P.S. 096 RICHARD RODGERS,6/14/2024,94.19
11X097,P.S. 097 BRONX,6/14/2024,85.86
11X103,P.S. 103 HECTOR FONTANEZ,6/14/2024,86.71
11X105,P.S. 105 SEN ABRAHAM BERNSTEIN,6/14/2024,87.85
11X106,P.S. 106 PARKCHESTER,6/14/2024,89.84
11X108,P.S. 108 PHILIP J. ABINANTI,6/14/2024,92.97
11X111,P.S. 111 SETON FALLS,6/14/2024,81.46
11X112,P.S. 112 BRONXWOOD,6/14/2024,84.72
11X121,P.S. 121 THROOP,6/14/2024,87.82
11X127,J.H.S. 127 THE CASTLE HILL,6/14/2024,86.72
11X144,J.H.S. 144 MICHELANGELO,6/14/2024,87.81
11X153,P.S. 153 HELEN KELLER,6/14/2024,89.36
11X160,P.S. 160 WALT DISNEY,6/14/2024,93.31
11X169,BAYCHESTER ACADEMY,6/14/2024,88.75
11X175,P.S. 175 CITY ISLAND,6/14/2024,93.08
11X178,P.S. 178   DR. SELMAN WAKSMAN,6/14/2024,90.02
11X180,M.S. 180 DR. DANIEL HALE WILLIAMS,6/14/2024,84.54
11X181,I.S. 181 PABLO CASALS,6/14/2024,91.08
11X189,CORNERSTONE ACADEMY FOR SOCIAL ACTION,6/14/2024,84.89
11X194,P.S. M.S. 194,6/14/2024,88.61
11X287,NORTH BRONX SCHOOL OF EMPOWERMENT,6/14/2024,NS
11X326,BRONX GREEN MIDDLE SCHOOL,6/14/2024,88.67
11X355,BRONX ALLIANCE MIDDLE SCHOOL,6/14/2024,84.33
11X357,YOUNG VOICES ACADEMY OF THE BRONX,6/14/2024,87.10
11X370,LEADERS OF TOMORROW,6/14/2024,84.92
11X462,CORNERSTONE ACADEMY FOR SOCIAL ACTION MIDDLE SCHOO,6/14/2024,78.46
11X468,PELHAM ACADEMY OF ACADEMICS AND COMMUNITY ENGAGEME,6/14/2024,77.89
11X481,THE STEAM BRIDGE SCHOOL,6/14/2024,83.22
11X483,THE MATILDA AVENUE SCHOOL,6/14/2024,86.61
11X498,P.S. M.S. 11X498   VAN NEST ACADEMY,6/14/2024,91.04
11X529,ONE WORLD MIDDLE SCHOOL AT EDENWALD,6/14/2024,90.72
11X532,BAYCHESTER MIDDLE SCHOOL,6/14/2024,94.94
11X556,BRONX PARK MIDDLE SCHOOL,6/14/2024,76.35
11X566,PELHAM GARDENS MIDDLE SCHOOL,6/14/2024,77.84
11X567,LINDEN TREE ELEMENTARY SCHOOL,6/14/2024,89.60
12X006,P.S. 006 WEST FARMS,6/14/2024,80.27
12X044,P.S. 044 DAVID C. FARRAGUT,6/14/2024,85.50
12X047,P.S. 047 JOHN RANDOLPH,6/14/2024,87.22
12X057,P.S. 057 CRESCENT,6/14/2024,89.70
12X061,P.S. 061 FRANCISCO OLLER,6/14/2024,93.30
12X066,P.S. 066 SCHOOL OF HIGHER EXPECTATIONS,6/14/2024,83.47
12X067,P.S. 067 MOHEGAN SCHOOL,6/14/2024,98.09
12X098,J.H.S. 098 HERMAN RIDDER,6/14/2024,79.61
12X129,M.S. 129 ACADEMY FOR INDEPENDENT LEARNING AND LEAD,6/14/2024,80.85
12X134,P.S. 134 GEORGE F. BRISTOW,6/14/2024,88.12
12X150,P.S. 150 CHARLES JAMES FOX,6/14/2024,86.18
12X190,E.S.M.T  I.S. 190,6/14/2024,79.20
12X195,P.S. 195,6/14/2024,90.95
12X196,P.S. 196,6/14/2024,90.69
12X211,P.S. 211,6/14/2024,91.25
12X214,P.S. 214,6/14/2024,81.91
12X217,SCHOOL OF PERFORMING ARTS,6/14/2024,72.83
12X242,MOTT HALL V,6/14/2024,86.41
12X267,BRONX LATIN,6/14/2024,100.00
12X271,EAST BRONX ACADEMY FOR THE FUTURE,6/14/2024,78.08
12X273,FREDERICK DOUGLASS ACADEMY V. MIDDLE SCHOOL,6/14/2024,87.56
12X286,FANNIE LOU HAMER MIDDLE SCHOOL,6/14/2024,86.79
12X300,THE SCHOOL OF SCIENCE AND APPLIED LEARNING,6/14/2024,79.84
12X314,FAIRMONT NEIGHBORHOOD SCHOOL,6/14/2024,82.44
12X316,KAPPA III,6/14/2024,84.98
12X318,"I.S. X318 MATH, SCIENCE   TECHNOLOGY THROUGH ARTS",6/14/2024,85.04
12X341,ACCION ACADEMY,6/14/2024,84.07
12X383,EMOLIOR ACADEMY,6/14/2024,83.37
12X458,SAMARA COMMUNITY SCHOOL,6/14/2024,90.75
12X463,URBAN SCHOLARS COMMUNITY SCHOOL,6/14/2024,82.52
12X531,ARCHER ELEMENTARY SCHOOL,6/14/2024,85.88
12X536,P.S. 536,6/14/2024,86.15
12X595,P.S. 595,6/14/2024,85.38
12X626,CULTIVATING HEARTS AND MINDS PRE K CENTER,6/14/2024,77.85
12X691,BRONX LITTLE SCHOOL,6/14/2024,88.32
13K003,P.S. 003 THE BEDFORD VILLAGE,6/14/2024,77.27
13K008,THE EMILY WARREN ROEBLING SCHOOL,6/14/2024,95.21
13K009,PUBLIC SCHOOL 9 THE SARAH SMITH GARNET SCHOOL,6/14/2024,85.64
13K011,P.S. 011 PURVIS J. BEHAN,6/14/2024,95.46
13K020,P.S. 020 CLINTON HILL,6/14/2024,89.95
13K044,P.S. 044 MARCUS GARVEY,6/14/2024,78.51
13K046,P.S. 046 EDWARD C. BLUM,6/14/2024,82.27
13K054,P.S. 054 SAMUEL C. BARNES,6/14/2024,72.07
13K056,P.S. 056 LEWIS H. LATIMER,6/14/2024,90.47
13K067,P.S. 067 CHARLES A. DORSEY,6/14/2024,80.71
13K093,P.S. 093 WILLIAM H. PRESCOTT,6/14/2024,81.00
13K113,M.S. 113 RONALD EDMONDS LEARNING CENTER,6/14/2024,65.80
13K133,P.S. 133 WILLIAM A. BUTLER,6/14/2024,92.88
13K256,P.S. 256 BENJAMIN BANNEKER,6/14/2024,79.20
13K265,DR. SUSAN S. MCKINNEY SECONDARY SCHOOL OF THE ARTS,6/14/2024,81.81
13K266,M.S. K266   PARK PLACE COMMUNITY MIDDLE SCHOOL,6/14/2024,82.19
13K270,P.S. 270 JOHANN DEKALB,6/14/2024,75.39
13K282,P.S. 282 PARK SLOPE,6/14/2024,91.32
13K287,P.S. 287 BAILEY K. ASHFORD,6/14/2024,68.99
13K301,RESTORATION ACADEMY,6/14/2024,88.57
13K307,P.S. 307 DANIEL HALE WILLIAMS,6/14/2024,84.69
13K313,DOCK STREET SCHOOL FOR STEAM STUDIES,6/14/2024,83.84
13K351,THE URBAN ASSEMBLY UNISON SCHOOL,6/14/2024,80.97
13K492,ACADEMY OF ARTS AND LETTERS,6/14/2024,86.62
13K527,URBAN ASSEMBLY INSTITUTE OF MATH AND SCIENCE FOR Y,6/14/2024,90.41
13K595,BEDFORD ACADEMY HIGH SCHOOL,6/14/2024,NS
13K691,FORT GREENE PREPARATORY ACADEMY,6/14/2024,80.00
13K869,DISTRICT 13 PRE K CENTER,6/14/2024,95.12
13K915,BRIDGES: A SCHOOL FOR EXPLORATION AND EQUITY,6/14/2024,78.88
14K016,P.S. 016 LEONARD DUNKLY,6/14/2024,85.41
14K017,P.S. 017 HENRY D. WOODWORTH,6/14/2024,87.92
14K018,P.S. 018 EDWARD BUSH,6/14/2024,86.54
14K023,P.S. 023 CARTER G. WOODSON,6/14/2024,77.09
14K031,P.S. 031 SAMUEL F. DUPONT,6/14/2024,89.60
14K034,P.S. 034 OLIVER H. PERRY,6/14/2024,96.57
14K050,J.H.S. 050 JOHN D. WELLS,6/14/2024,82.24
14K059,P.S. 059 THE DAWN BEST SCHOOL,6/14/2024,81.10
14K071,JUAN MOREL CAMPOS SECONDARY SCHOOL,6/14/2024,77.77
14K084,P.S. 084 JOSE DE DIEGO,6/14/2024,86.55
14K110,P.S. 110 THE MONITOR,6/14/2024,88.35
14K120,P.S. 120 CARLOS TAPIA,6/14/2024,86.10
14K126,JOHN ERICSSON MIDDLE SCHOOL 126,6/14/2024,88.23
14K132,P.S. 132 THE CONSELYEA SCHOOL,6/14/2024,89.57
14K147,P.S. 147 ISAAC REMSEN,6/14/2024,89.74
14K157,P.S. I.S. 157 THE BENJAMIN FRANKLIN HEALTH   SCIEN,6/14/2024,68.05
14K196,P.S. 196 TEN EYCK,6/14/2024,82.74
14K250,P.S. 250 GEORGE H. LINDSAY,6/14/2024,83.57
14K257,P.S. 257 JOHN F. HYLAN,6/14/2024,83.47
14K297,P.S. 297 ABRAHAM STOCKTON,6/14/2024,85.23
14K318,I.S. 318 EUGENIO MARIA DE HOSTOS,6/14/2024,86.48
14K319,P.S. 319,6/14/2024,82.02
14K380,P.S. 380 JOHN WAYNE ELEMENTARY,6/14/2024,90.04
14K414,BROOKLYN ARBOR ELEMENTARY SCHOOL,6/14/2024,92.92
14K577,CONSELYEA PREPARATORY SCHOOL,6/14/2024,91.34
14K582,M.S. 582,6/14/2024,83.65
14K586,LYONS COMMUNITY SCHOOL,6/14/2024,NS
14K614,YOUNG WOMEN S LEADERSHIP SCHOOL OF BROOKLYN,6/14/2024,NS
15K001,P.S. 001 THE BERGEN,6/14/2024,89.02
15K010,"MAGNET SCHOOL OF MATH, SCIENCE AND DESIGN TECHNOLO",6/14/2024,93.52
15K015,P.S. 015 PATRICK F. DALY,6/14/2024,89.78
15K024,P.S. 024,6/14/2024,87.15
15K029,P.S. 029 JOHN M. HARRIGAN,6/14/2024,94.29
15K032,P.S. 032 SAMUEL MILLS SPROLE,6/14/2024,80.61
15K038,P.S. 038 THE PACIFIC,6/14/2024,90.56
15K039,P.S. 039 HENRY BRISTOW,6/14/2024,92.95
15K051,M.S. 51 WILLIAM ALEXANDER,6/14/2024,93.24
15K058,P.S. 058 THE CARROLL,6/14/2024,95.68
15K088,J.H.S. 088 PETER ROUGET,6/14/2024,90.21
15K094,P.S. 094 THE HENRY LONGFELLOW,6/14/2024,95.36
15K107,P.S. 107 JOHN W. KIMBALL,6/14/2024,93.82
15K118,THE MAURICE SENDAK COMMUNITY SCHOOL,6/14/2024,95.90
15K124,P.S. 124 SILAS B. DUTCHER,6/14/2024,85.90
15K130,P.S. 130 THE PARKSIDE,6/14/2024,93.90
15K131,P.S. 131 BROOKLYN,6/14/2024,93.81
15K136,I.S. 136 CHARLES O. DEWEY,6/14/2024,92.41
15K146,"THE BROOKLYN NEW SCHOOL, P.S. 146",6/14/2024,95.47
15K154,THE WINDSOR TERRACE SCHOOL,6/14/2024,95.07
15K169,P.S. 169 SUNSET PARK,6/14/2024,94.39
15K172,P.S. 172 BEACON SCHOOL OF EXCELLENCE,6/14/2024,92.34
15K230,P.S. 230 DORIS L. COHEN,6/14/2024,91.60
15K261,P.S. 261 ZIPPORIAH MILLS,6/14/2024,94.17
15K295,P.S. 295,6/14/2024,90.00
15K321,P.S. 321 WILLIAM PENN,6/14/2024,96.28
15K418,THE CHILDREN S SCHOOL,6/14/2024,89.24
15K442,M.S. 442 CARROLL GARDENS SCHOOL FOR INNOVATION,6/14/2024,94.20
15K443,NEW VOICES SCHOOL OF ACADEMIC   CREATIVE ARTS,6/14/2024,91.26
15K447,THE MATH   SCIENCE EXPLORATORY SCHOOL,6/14/2024,91.61
15K448,BROOKLYN COLLABORATIVE STUDIES,6/14/2024,82.23
15K464,PARK SLOPE COLLEGIATE,6/14/2024,NS
15K497,THE BOERUM HILL SCHOOL FOR INTERNATIONAL STUDIES,6/14/2024,97.56
15K516,SUNSET PARK AVENUES ELEMENTARY SCHOOL,6/14/2024,93.39
15K676,RED HOOK NEIGHBORHOOD SCHOOL,6/14/2024,87.82
15K767,THE LITTLE BROOKLYN PRE K CENTER,6/14/2024,88.37
15K821,SUNSET PARK PREP,6/14/2024,89.33
15K839,M.S. 839,6/14/2024,96.74
15K863,PRE K CENTER AT BISHOP FORD SCHOOL SITE,6/14/2024,96.15
15K896,THE SCHOOL OF CREATIVITY AND INNOVATION,6/14/2024,93.75
15K958,P.S. 958,6/14/2024,90.75
16K005,P.S. 005 DR. RONALD MCNAIR,6/14/2024,83.05
16K021,P.S. 021 CRISPUS ATTUCKS,6/14/2024,84.83
16K025,P.S. 025 EUBIE BLAKE SCHOOL,6/14/2024,78.26
16K026,P.S. 026 JESSE OWENS,6/14/2024,84.13
16K035,M.S. 035 STEPHEN DECATUR,6/14/2024,83.52
16K040,P.S. 040 GEORGE W. CARVER,6/14/2024,85.65
16K057,WHITELAW REID ACADEMY OF ARTS AND BUSINESS,6/14/2024,78.57
16K081,P.S. 081 THADDEUS STEVENS,6/14/2024,83.15
16K243,P.S. 243K  THE WEEKSVILLE SCHOOL,6/14/2024,74.73
16K262,P.S. 262 EL HAJJ MALIK EL SHABAZZ ELEMENTARY SCHOO,6/14/2024,77.27
16K267,"M.S. 267 MATH, SCIENCE   TECHNOLOGY",6/14/2024,83.91
16K308,P.S. 308 CLARA CARDWELL,6/14/2024,87.96
16K309,P.S. 309 THE GEORGE E. WIBECAN PREPARATORY ACADEMY,6/14/2024,80.64
16K335,P.S. 335 GRANVILLE T. WOODS,6/14/2024,73.07
16K627,BRIGHTER CHOICE COMMUNITY SCHOOL,6/14/2024,90.23
16K628,BROOKLYN BROWNSTONE SCHOOL,6/14/2024,90.21
16K669,RESEARCH AND SERVICE HIGH SCHOOL,6/14/2024,NS
16K681,MADIBA PREP MIDDLE SCHOOL,6/14/2024,80.55
16K898,THE BROOKLYN GREEN SCHOOL,6/14/2024,89.44
17K002,PARKSIDE PREPARATORY ACADEMY,6/14/2024,79.07
17K006,NORMA ADAMS CLEMONS ACADEMY,6/14/2024,NS
17K012,DR. JACQUELINE PEEK DAVIS SCHOOL,6/14/2024,84.37
17K061,M.S. 061 DR. GLADSTONE H. ATWELL,6/14/2024,79.82
17K091,P.S. 091 THE ALBANY AVENUE SCHOOL,6/14/2024,85.71
17K092,P.S. 092 ADRIAN HEGEMAN,6/14/2024,84.48
17K138,P.S. 138 BROOKLYN,6/14/2024,83.92
17K161,P.S. 161 THE CROWN,6/14/2024,83.27
17K181,P.S. 181 BROOKLYN,6/14/2024,81.43
17K189,P.S. 189 THE BILINGUAL CENTER,6/14/2024,86.89
17K191,P.S. 191 PAUL ROBESON,6/14/2024,82.55
17K221,P.S. 221 TOUSSAINT L OUVERTURE,6/14/2024,85.71
17K241,P.S. 241 EMMA L. JOHNSTON,6/14/2024,82.73
17K246,M.S. 246 WALT WHITMAN,6/14/2024,76.70
17K249,P.S. 249 THE CATON,6/14/2024,91.02
17K289,P.S. 289 GEORGE V. BROWER,6/14/2024,83.00
17K316,P.S. 316 ELIJAH STROUD,6/14/2024,90.48
17K340,I.S. 340,6/14/2024,69.06
17K352,EBBETS FIELD MIDDLE SCHOOL,6/14/2024,84.21
17K353,ELIJAH STROUD MIDDLE SCHOOL,6/14/2024,80.80
17K354,THE SCHOOL OF INTEGRATED LEARNING,6/14/2024,79.65
17K375,P.S. 375 JACKIE ROBINSON SCHOOL,6/14/2024,85.76
17K382,ACADEMY FOR COLLEGE PREPARATION AND CAREER EXPLORA,6/14/2024,84.56
17K394,M.S. K394,6/14/2024,73.00
17K397,P.S. 397 FOSTER LAURIE,6/14/2024,87.07
17K398,P.S. 398 WALTER WEAVER,6/14/2024,83.75
17K399,P.S. 399 STANLEY EUGENE CLARK,6/14/2024,91.55
17K484,RONALD EDMONDS LEARNING CENTER II,6/14/2024,88.28
17K532,NEW BRIDGES ELEMENTARY,6/14/2024,91.86
17K543,"SCIENCE, TECHNOLOGY AND RESEARCH EARLY COLLEGE HIG",6/14/2024,90.62
17K590,MEDGAR EVERS COLLEGE PREPARATORY SCHOOL,6/14/2024,NS
17K705,BROOKLYN ARTS AND SCIENCE ELEMENTARY SCHOOL,6/14/2024,89.55
17K722,NEW HEIGHTS MIDDLE SCHOOL,6/14/2024,86.63
17K770,P.S. 770 NEW AMERICAN ACADEMY,6/14/2024,87.16
18K066,P.S. 66,6/14/2024,84.80
18K068,I.S. 068 ISAAC BILDERSEE,6/14/2024,80.65
18K114,P.S. 114 RYDER ELEMENTARY,6/14/2024,79.66
18K115,P.S. 115 DANIEL MUCATEL SCHOOL,6/14/2024,86.99
18K135,P.S. 135 SHELDON A. BROOKNER,6/14/2024,92.75
18K208,P.S. 208 ELSA EBELING,6/14/2024,88.27
18K211,I.S. 211 JOHN WILSON,6/14/2024,95.06
18K219,P.S. 219 KENNEDY KING,6/14/2024,85.67
18K233,P.S. 233 LANGSTON HUGHES,6/14/2024,90.33
18K235,P.S. 235 JANICE MARIE KNIGHT SCHOOL,6/14/2024,93.43
18K244,P.S. 244 RICHARD R. GREEN,6/14/2024,86.57
18K268,P.S. 268 EMMA LAZARUS,6/14/2024,83.89
18K272,P.S. 272 CURTIS ESTABROOK,6/14/2024,83.49
18K276,P.S. 276 LOUIS MARSHALL,6/14/2024,77.20
18K279,P.S. 279 HERMAN SCHREIBER,6/14/2024,90.07
18K285,I.S. 285 MEYER LEVIN,6/14/2024,NS
18K366,THE SCIENCE AND MEDICINE MIDDLE SCHOOL,6/14/2024,88.32
18K581,"THE MIDDLE SCHOOL OF MEDIA, LAW AND FINE ARTS",6/14/2024,74.63
18K588,MIDDLE SCHOOL FOR ART AND PHILOSOPHY,6/14/2024,83.15
18K763,BROOKLYN SCIENCE AND ENGINEERING ACADEMY,6/14/2024,86.15
18K961,LENOX ACADEMY M. S. 961,6/14/2024,96.55
19K007,P.S. 007 ABRAHAM LINCOLN,6/14/2024,90.98
19K013,P.S. 013 ROBERTO CLEMENTE,6/14/2024,82.75
19K065,P.S. 065,6/14/2024,87.80
19K089,P.S. 089 CYPRESS HILLS,6/14/2024,91.61
19K108,P.S. 108 SAL ABBRACCIAMENTO,6/14/2024,89.32
19K149,P.S. 149 DANNY KAYE,6/14/2024,86.35
19K158,P.S. 158 WARWICK,6/14/2024,80.87
19K159,P.S. 159 ISAAC PITKIN,6/14/2024,89.51
19K171,I.S. 171 ABRAHAM LINCOLN,6/14/2024,78.76
19K190,P.S. 190 SHEFFIELD,6/14/2024,73.04
19K202,P.S. 202 ERNEST S. JENKYNS,6/14/2024,72.54
19K213,P.S. 213 NEW LOTS,6/14/2024,81.59
19K214,P.S. 214 MICHAEL FRIEDSAM,6/14/2024,85.75
19K218,J.H.S. 218 JAMES P. SINNOTT,6/14/2024,84.19
19K224,P.S. 224 HALE A. WOODRUFF,6/14/2024,82.92
19K273,P.S. 273 WORTMAN,6/14/2024,86.41
19K290,P.S. 290 JUAN MOREL CAMPOS,6/14/2024,83.57
19K292,J.H.S. 292 MARGARET S. DOUGLAS,6/14/2024,80.12
19K306,P.S. 306 ETHAN ALLEN,6/14/2024,83.15
19K325,THE FRESH CREEK SCHOOL,6/14/2024,76.79
19K328,P.S. 328 PHYLLIS WHEATLEY,6/14/2024,88.84
19K345,P.S. 345 PATROLMAN ROBERT BOLDEN,6/14/2024,85.14
19K346,P.S. 346 ABE STARK,6/14/2024,89.70
19K364,I.S. 364 GATEWAY,6/14/2024,78.18
19K404,ACADEMY FOR YOUNG WRITERS,6/14/2024,62.50
19K409,EAST NEW YORK FAMILY ACADEMY,6/14/2024,97.46
19K422,SPRING CREEK COMMUNITY SCHOOL,6/14/2024,90.00
19K452,FREDERICK DOUGLASS ACADEMY VIII MIDDLE SCHOOL,6/14/2024,90.82
19K557,BROOKLYN GARDENS ELEMENTARY SCHOOL,6/14/2024,80.00
19K654,VAN SICLEN COMMUNITY MIDDLE SCHOOL,6/14/2024,74.58
19K661,VISTA ACADEMY,6/14/2024,85.43
19K662,LIBERTY AVENUE MIDDLE SCHOOL,6/14/2024,80.75
19K663,SCHOOL OF THE FUTURE BROOKLYN,6/14/2024,74.80
19K677,EAST NEW YORK ELEMENTARY SCHOOL OF EXCELLENCE,6/14/2024,79.73
19K678,EAST NEW YORK MIDDLE SCHOOL OF EXCELLENCE,6/14/2024,95.21
19K760,HIGHLAND PARK COMMUNITY SCHOOL,6/14/2024,92.08
19K907,LEGACY SCHOOL OF THE ARTS,6/14/2024,56.75
19K935,M.S. 935,6/14/2024,87.54
19K938,P.S. 938,6/14/2024,91.28
20K030,P.S. I.S. 30 MARY WHITE OVINGTON,6/14/2024,86.74
20K048,P.S. 048 MAPLETON,6/14/2024,92.38
20K062,J.H.S. 062 DITMAS,6/14/2024,88.87
20K069,P.S. 69 VINCENT D. GRIPPO SCHOOL,6/14/2024,96.82
20K102,P.S. 102 THE BAYVIEW,6/14/2024,92.02
20K104,P.S. I.S. 104 THE FORT HAMILTON SCHOOL,6/14/2024,91.26
20K105,P.S. 105 THE BLYTHEBOURNE,6/14/2024,97.04
20K112,P.S. 112 LEFFERTS PARK,6/14/2024,94.17
20K127,P.S. 127 MCKINLEY PARK,6/14/2024,93.66
20K160,P.S. 160 WILLIAM T. SAMPSON,6/14/2024,96.26
20K163,P.S. 163 BATH BEACH,6/14/2024,91.83
20K164,P.S. 164 CAESAR RODNEY,6/14/2024,91.68
20K170,RALPH A. FABRIZIO SCHOOL,6/14/2024,96.50
20K176,P.S. 176 OVINGTON,6/14/2024,94.88
20K179,P.S. 179 KENSINGTON,6/14/2024,90.48
20K180,THE SEEALL ACADEMY,6/14/2024,94.19
20K185,P.S. 185 WALTER KASSENBROCK,6/14/2024,94.86
20K186,P.S. 186 DR. IRVING A GLADSTONE,6/14/2024,94.22
20K187,THE CHRISTA MCAULIFFE SCHOOL I.S. 187,6/14/2024,97.51
20K192,P.S. 192   THE MAGNET SCHOOL FOR MATH AND SCIENCE,6/14/2024,89.06
20K200,P.S. 200 BENSON SCHOOL,6/14/2024,89.60
20K201,THE MADELEINE BRENNAN SCHOOL,6/14/2024,95.25
20K204,P.S. 204 VINCE LOMBARDI,6/14/2024,95.22
20K205,P.S. 205 CLARION,6/14/2024,94.19
20K220,J.H.S. 220 JOHN J. PERSHING,6/14/2024,92.28
20K223,J.H.S. 223 THE MONTAUK,6/14/2024,83.90
20K227,J.H.S. 227 EDWARD B. SHALLOW,6/14/2024,90.68
20K229,P.S. 229 DYKER,6/14/2024,94.59
20K247,P.S. 247 BROOKLYN,6/14/2024,91.75
20K259,J.H.S. 259 WILLIAM MCKINLEY,6/14/2024,93.58
20K264,P.S. 264 BAY RIDGE ELEMENTARY SCHOOL FOR THE ARTS,6/14/2024,92.65
20K310,THE SCHOOL FOR FUTURE LEADERS,6/14/2024,97.07
20K503,P.S. 503: THE SCHOOL OF DISCOVERY,6/14/2024,89.39
20K506,P.S. 506: THE SCHOOL OF JOURNALISM   TECHNOLOGY,6/14/2024,94.04
20K609,URBAN ASSEMBLY SCHOOL FOR LEADERSHIP AND EMPOWERME,6/14/2024,83.33
20K682,THE ACADEMY OF TALENTED SCHOLARS,6/14/2024,90.88
20K686,BROOKLYN SCHOOL OF INQUIRY,6/14/2024,93.27
20K748,P.S. 748 BROOKLYN SCHOOL FOR GLOBAL SCHOLARS,6/14/2024,91.39
20K768,DISTRICT 20 PRE K CENTER,6/14/2024,85.77
20K936,MS 936 ARTS OFF 3RD,6/14/2024,93.36
20K939,SUNSET SCHOOL OF CULTURAL LEARNING,6/14/2024,93.92
20K971,"SCHOOL OF MATH, SCIENCE, AND HEALTHY LIVING",6/14/2024,95.13
21K090,P.S. 90 EDNA COHEN SCHOOL,6/14/2024,75.70
21K095,P.S. 095 THE GRAVESEND,6/14/2024,88.61
21K096,I.S. 096 SETH LOW,6/14/2024,88.02
21K097,P.S. 97 THE HIGHLAWN,6/14/2024,95.03
21K098,I.S. 98 BAY ACADEMY,6/14/2024,89.16
21K099,P.S. 099 ISAAC ASIMOV,6/14/2024,82.47
21K100,P.S. 100 THE CONEY ISLAND SCHOOL,6/14/2024,88.81
21K101,P.S. 101 THE VERRAZANO,6/14/2024,93.92
21K121,P.S. 121 NELSON A. ROCKEFELLER,6/14/2024,92.49
21K128,P.S. 128 BENSONHURST,6/14/2024,88.15
21K153,P.S. 153 HOMECREST,6/14/2024,91.88
21K177,P.S. 177 THE MARLBORO,6/14/2024,90.27
21K188,P.S. 188 MICHAEL E. BERDY,6/14/2024,57.87
21K199,P.S. 199 FREDERICK WACHTEL,6/14/2024,88.12
21K209,P.S. 209 MARGARET MEAD,6/14/2024,85.85
21K212,P.S. 212 LADY DEBORAH MOODY,6/14/2024,88.68
21K215,P.S. 215 MORRIS H. WEISS,6/14/2024,89.23
21K216,P.S. 216 ARTURO TOSCANINI,6/14/2024,89.81
21K225,P.S. K225   THE EILEEN E. ZAGLIN,6/14/2024,81.62
21K226,P.S. 226 ALFRED DE B. MASON,6/14/2024,91.44
21K228,I.S. 228 DAVID A. BOODY,6/14/2024,87.97
21K238,P.S. 238 ANNE SULLIVAN,6/14/2024,85.48
21K239,MARK TWAIN I.S. 239 FOR THE GIFTED   TALENTED,6/14/2024,87.36
21K253,P.S. 253,6/14/2024,87.09
21K281,I.S. 281 JOSEPH B CAVALLARO,6/14/2024,90.62
21K288,P.S. 288 THE SHIRLEY TANYHILL,6/14/2024,74.37
21K303,I.S. 303 HERBERT S. EISENBERG,6/14/2024,88.44
21K329,P.S. 329 SURFSIDE,6/14/2024,80.28
21K468,KINGSBOROUGH EARLY COLLEGE SCHOOL,6/14/2024,82.31
21K690,BROOKLYN STUDIO SECONDARY SCHOOL,6/14/2024,80.66
21K728,LIBERATION DIPLOMA PLUS,6/14/2024,NS
21K840,BROOKLYN S DAILY DISCOVERY PRE K CENTER,6/14/2024,85.99
22K014,J.H.S. 014 SHELL BANK,6/14/2024,78.68
22K052,P.S. 052 SHEEPSHEAD BAY,6/14/2024,88.14
22K078,J.H.S. 078 ROY H. MANN,6/14/2024,88.11
22K109,P.S. 109,6/14/2024,82.78
22K119,P.S. 119 AMERSFORT,6/14/2024,85.78
22K134,P.S. K134,6/14/2024,90.28
22K139,P.S. 139 ALEXINE A. FENTY,6/14/2024,92.62
22K152,SCHOOL OF SCIENCE   TECHNOLOGY,6/14/2024,87.43
22K193,P.S. 193 GIL HODGES,6/14/2024,86.81
22K194,P.S. 194 RAOUL WALLENBERG,6/14/2024,84.54
22K195,P.S. 195 MANHATTAN BEACH,6/14/2024,89.86
22K197,P.S. 197   THE KINGS HIGHWAY ACADEMY,6/14/2024,87.77
22K198,P.S. 198 BROOKLYN,6/14/2024,80.76
22K203,P.S. 203 FLOYD BENNETT SCHOOL,6/14/2024,85.89
22K206,P.S. 206 JOSEPH F LAMB,6/14/2024,86.10
22K207,P.S. 207 ELIZABETH G. LEARY,6/14/2024,89.78
22K217,P.S. 217 COLONEL DAVID MARCUS SCHOOL,6/14/2024,88.74
22K222,P.S. 222 KATHERINE R. SNYDER,6/14/2024,91.25
22K234,J.H.S. 234 ARTHUR W. CUNNINGHAM,6/14/2024,87.42
22K236,P.S. 236 MILL BASIN,6/14/2024,92.48
22K240,ANDRIES HUDDE,6/14/2024,84.47
22K245,P.S. 245,6/14/2024,78.20
22K251,P.S. 251 PAERDEGAT,6/14/2024,81.29
22K254,P.S. 254 DAG HAMMARSKJOLD,6/14/2024,90.39
22K255,P.S. 255 BARBARA REING SCHOOL,6/14/2024,88.22
22K277,P.S. 277 GERRITSEN BEACH,6/14/2024,94.94
22K278,J.H.S. 278 MARINE PARK,6/14/2024,82.19
22K312,P.S. 312 BERGEN BEACH,6/14/2024,87.77
22K315,P.S. K315,6/14/2024,82.95
22K326,P.S. 326,6/14/2024,84.78
22K361,P.S. 361 EAST FLATBUSH EARLY CHILDHOOD SCHOOL,6/14/2024,88.28
22K381,I. S. 381,6/14/2024,82.44
22K853,THE JOAN SNOW PRE K CENTER,6/14/2024,82.77
22K889,P.S. 889,6/14/2024,92.36
22K890,M.S. 890,6/14/2024,91.93
23K041,P.S. 041 FRANCIS WHITE,6/14/2024,85.90
23K137,P.S. 137 RACHEL JEAN MITCHELL,6/14/2024,89.13
23K150,P.S. 150 CHRISTOPHER,6/14/2024,83.03
23K155,P.S.  I.S. 155 NICHOLAS HERKIMER,6/14/2024,84.75
23K156,P.S. 156 WAVERLY,6/14/2024,88.40
23K165,P.S. 165 IDA POSNER,6/14/2024,77.14
23K178,P.S. 178 SAINT CLAIR MCKELWAY,6/14/2024,77.81
23K184,P.S. 184 NEWPORT,6/14/2024,81.42
23K284,"THE GREGORY JOCKO JACKSON SCHOOL OF SPORTS, ART, A",6/14/2024,80.36
23K298,P.S. 298 DR. BETTY SHABAZZ,6/14/2024,86.11
23K323,P.S. I.S. 323,6/14/2024,81.05
23K327,P.S. 327 DR. ROSE B. ENGLISH,6/14/2024,80.97
23K363,BROWNSVILLE COLLABORATIVE MIDDLE SCHOOL,6/14/2024,84.36
23K392,I.S. 392,6/14/2024,92.83
23K401,CHRISTOPHER AVENUE COMMUNITY SCHOOL,6/14/2024,80.06
23K446,RIVERDALE AVENUE COMMUNITY SCHOOL,6/14/2024,88.78
23K518,KAPPA V  KNOWLEDGE AND POWER PREPARATORY ACADEMY,6/14/2024,91.34
23K522,MOTT HALL IV,6/14/2024,84.95
23K599,BROOKLYN LANDMARK ELEMENTARY SCHOOL,6/14/2024,88.10
23K644,EAGLE ACADEMY FOR YOUNG MEN II,6/14/2024,97.05
23K664,BROOKLYN ENVIRONMENTAL EXPLORATION SCHOOL  BEES,6/14/2024,89.47
23K668,RIVERDALE AVENUE MIDDLE SCHOOL,6/14/2024,83.62
23K671,MOTT HALL BRIDGES ACADEMY,6/14/2024,84.21
24Q005,I.S. 5   THE WALTER CROWLEY INTERMEDIATE SCHOOL,6/14/2024,90.74
24Q007,P.S. 007 LOUIS F. SIMEONE,6/14/2024,92.61
24Q012,P.S. 012 JAMES B. COLGATE,6/14/2024,93.06
24Q013,P.S. 013 CLEMENT C. MOORE,6/14/2024,90.55
24Q014,P.S. 014 FAIRVIEW,6/14/2024,90.98
24Q016,P.S. Q016 THE NANCY DEBENEDITTIS SCHOOL,6/14/2024,93.33
24Q019,P.S. 019 MARINO JEANTET,6/14/2024,93.12
24Q028,P.S. 28   THE THOMAS EMANUEL EARLY CHILDHOOD CENTE,6/14/2024,90.90
24Q049,P.S. 049 DOROTHY BONAWIT KOLE,6/14/2024,92.38
24Q058,P.S. 58   THE SCHOOL OF HEROES,6/14/2024,88.94
24Q061,I.S. 061 LEONARDO DA VINCI,6/14/2024,88.23
24Q068,P.S. 068 CAMBRIDGE,6/14/2024,84.76
24Q071,P.S. 071 FOREST,6/14/2024,87.42
24Q073,I.S. 73   THE FRANK SANSIVIERI INTERMEDIATE SCHOOL,6/14/2024,90.79
24Q077,JOSEPH F. QUINN INTERMEDIATE SCHOOL 77,6/14/2024,88.64
24Q081,P.S. 81Q JEAN PAUL RICHTER,6/14/2024,88.20
24Q087,P.S. I.S. 087 MIDDLE VILLAGE,6/14/2024,85.17
24Q088,P.S. 088 SENECA,6/14/2024,92.94
24Q089,P.S. 89Q: THE JOSE PERALTA SCHOOL OF DREAMERS,6/14/2024,89.90
24Q091,P.S. 091 RICHARD ARKWRIGHT,6/14/2024,88.93
24Q093,I.S. 093 RIDGEWOOD,6/14/2024,86.16
24Q102,P.S. 102 BAYVIEW,6/14/2024,91.84
24Q110,P.S. 110,6/14/2024,92.99
24Q113,P.S. I.S. 113 ANTHONY J. PRANZO,6/14/2024,91.43
24Q119,P.S. I.S. 119 THE GLENDALE,6/14/2024,88.17
24Q125,I.S. 125 THOM J. MCCANN WOODSIDE,6/14/2024,82.97
24Q128,"P.S. 128 THE LORRAINE TUZZO, JUNIPER VALLEY ELEMEN",6/14/2024,89.74
24Q143,P.S. 143 LOUIS ARMSTRONG,6/14/2024,91.67
24Q153,P.S. 153 MASPETH ELEM,6/14/2024,90.03
24Q199,P.S. 199 MAURICE A. FITZGERALD,6/14/2024,91.56
24Q211,ELM TREE ELEMENTARY SCHOOL,6/14/2024,90.30
24Q229,P.S. 229 EMANUEL KAPLAN,6/14/2024,91.18
24Q239,P.S. 239,6/14/2024,90.70
24Q290,A.C.E. ACADEMY FOR SCHOLARS AT THE GERALDINE FERRA,6/14/2024,90.82
24Q305,LEARNERS AND LEADERS,6/14/2024,85.96
24Q307,PIONEER ACADEMY,6/14/2024,94.46
24Q311,CORONA ARTS   SCIENCES ACADEMY,6/14/2024,88.18
24Q330,HELEN M. MARSHALL SCHOOL,6/14/2024,90.29
24Q331,MOSAIC PRE K CENTER,6/14/2024,85.23
24Q343,THE CHILDREN S LAB SCHOOL,6/14/2024,92.22
24Q419,MS 419,6/14/2024,89.62
24Q560,"ROBERT F. WAGNER, JR. SECONDARY SCHOOL FOR ARTS AN",6/14/2024,93.93
25Q020,P.S. 020 JOHN BOWNE,6/14/2024,93.55
25Q021,P.S. 021 EDWARD HART,6/14/2024,93.53
25Q022,P.S. 022 THOMAS JEFFERSON,6/14/2024,94.89
25Q024,P.S. 024 ANDREW JACKSON,6/14/2024,95.28
25Q025,I.S. 025 ADRIEN BLOCK,6/14/2024,92.57
25Q029,P.S. 029 QUEENS,6/14/2024,88.52
25Q032,P.S. 032 STATE STREET,6/14/2024,96.66
25Q079,P.S. 079 FRANCIS LEWIS,6/14/2024,95.79
25Q107,P.S. 107 THOMAS A DOOLEY,6/14/2024,93.96
25Q120,P.S. 120 QUEENS,6/14/2024,91.74
25Q129,P.S. 129 PATRICIA LARKIN,6/14/2024,90.06
25Q130,P.S. 130,6/14/2024,97.06
25Q154,P.S. 154 QUEENS,6/14/2024,88.46
25Q163,P.S. 163 FLUSHING HEIGHTS,6/14/2024,95.32
25Q164,P.S. 164 QUEENS VALLEY,6/14/2024,93.41
25Q165,P.S. 165 EDITH K. BERGTRAUM,6/14/2024,90.17
25Q169,P.S. 169 BAY TERRACE,6/14/2024,91.58
25Q184,P.S. 184 FLUSHING MANOR,6/14/2024,95.09
25Q185,J.H.S. 185 EDWARD BLEEKER,6/14/2024,91.85
25Q189,J.H.S. 189 DANIEL CARTER BEARD,6/14/2024,92.01
25Q193,P.S. 193 ALFRED J. KENNEDY,6/14/2024,92.59
25Q194,J.H.S. 194 WILLIAM CARR,6/14/2024,93.37
25Q200,P.S. M.S. 200   THE MAGNET SCHOOL OF GLOBAL STUDIE,6/14/2024,88.69
25Q201,P.S. 201 THE DISCOVERY SCHOOL FOR INQUIRY AND RESE,6/14/2024,88.76
25Q209,P.S. 209 CLEARVIEW GARDENS,6/14/2024,95.43
25Q214,P.S. 214 CADWALLADER COLDEN,6/14/2024,92.09
25Q219,P.S. 219 PAUL KLAPPER,6/14/2024,92.99
25Q237,I.S. 237,6/14/2024,92.49
25Q242,P.S. 242 LEONARD P. STAVISKY EARLY CHILDHOOD SCHOO,6/14/2024,94.68
25Q244,THE ACTIVE LEARNING ELEMENTARY SCHOOL,6/14/2024,97.10
25Q250,I.S. 250 THE ROBERT F. KENNEDY COMMUNITY MIDDLE SC,6/14/2024,80.14
25Q252,"QUEENS SCHOOL OF INQUIRY, THE",6/14/2024,94.25
25Q281,EAST WEST SCHOOL OF INTERNATIONAL STUDIES,6/14/2024,99.00
25Q285,WORLD JOURNALISM PREPARATORY: A COLLEGE BOARD SCHO,6/14/2024,92.85
25Q294,BELL ACADEMY,6/14/2024,95.36
25Q379,COLLEGE POINT COLLABORATIVE,6/14/2024,88.77
25Q409,DISTRICT 25 PRE K CENTER,6/14/2024,82.08
25Q499,"THE QUEENS COLLEGE SCHOOL FOR MATH, SCIENCE AND TE",6/14/2024,94.75
26Q018,P.S. 018 WINCHESTER,6/14/2024,91.33
26Q026,P.S. 026 RUFUS KING,6/14/2024,92.07
26Q031,P.S. 031 BAYSIDE,6/14/2024,94.48
26Q041,P.S. 041 CROCHERON,6/14/2024,92.65
26Q046,P.S. 046 ALLEY POND,6/14/2024,91.61
26Q067,J.H.S. 067 LOUIS PASTEUR,6/14/2024,95.57
26Q074,J.H.S. 074 NATHANIEL HAWTHORNE,6/14/2024,91.07
26Q094,P.S. 094 DAVID D. PORTER,6/14/2024,97.15
26Q098,P.S. 098 THE DOUGLASTON SCHOOL,6/14/2024,94.27
26Q115,THE JAMES J. AMBROSE SCHOOL,6/14/2024,94.55
26Q133,P.S. 133 QUEENS,6/14/2024,92.14
26Q158,M.S. 158 MARIE CURIE,6/14/2024,95.03
26Q159,P.S. 159,6/14/2024,95.57
26Q162,P.S. 162 JOHN GOLDEN,6/14/2024,94.45
26Q172,IRWIN ALTMAN MIDDLE SCHOOL 172,6/14/2024,92.86
26Q173,P.S. 173 FRESH MEADOWS,6/14/2024,94.19
26Q178,P.S.  IS 178 HOLLISWOOD,6/14/2024,88.50
26Q186,P.S. 186 CASTLEWOOD,6/14/2024,94.11
26Q188,P.S. 188 KINGSBURY,6/14/2024,96.47
26Q191,P.S. 191 MAYFLOWER,6/14/2024,94.31
26Q203,P.S. 203 OAKLAND GARDENS,6/14/2024,96.42
26Q205,P.S. 205 ALEXANDER GRAHAM BELL,6/14/2024,91.98
26Q213,P.S. 213 THE CARL ULLMAN SCHOOL,6/14/2024,94.26
26Q216,J.H.S. 216 GEORGE J. RYAN,6/14/2024,95.01
26Q221,P.S. 221 THE NORTH HILLS SCHOOL,6/14/2024,94.02
26Q266,P.S. I.S. 266,6/14/2024,90.83
26Q376,P.S. 376,6/14/2024,95.12
26Q390,THE CIVIC SCHOOL OF BAYSIDE HILLS,6/14/2024,93.52
27Q042,P.S. M.S 042 R. VERNAM,6/14/2024,85.01
27Q043,P.S. 043,6/14/2024,71.29
27Q045,P.S. 045 CLARENCE WITHERSPOON,6/14/2024,73.08
27Q047,P.S. 047 CHRIS GALAS,6/14/2024,85.50
27Q051,P.S. 051,6/14/2024,94.14
27Q053,M.S. 053 BRIAN PICCOLO,6/14/2024,74.72
27Q056,P.S. 056 HARRY EICHLER,6/14/2024,87.46
27Q060,P.S. 060 WOODHAVEN,6/14/2024,87.78
27Q062,P. S. 62   CHESTER PARK SCHOOL,6/14/2024,84.76
27Q063,P.S. 063 OLD SOUTH,6/14/2024,85.89
27Q064,P.S. 064 JOSEPH P. ADDABBO,6/14/2024,88.32
27Q065,P.S. 65   THE RAYMOND YORK ELEMENTARY SCHOOL,6/14/2024,86.12
27Q066,P.S. 066 JACQUELINE KENNEDY ONASSIS,6/14/2024,88.75
27Q090,P.S. 090 HORACE MANN,6/14/2024,90.88
27Q096,P.S. 096,6/14/2024,87.39
27Q097,P.S. 097 FOREST PARK,6/14/2024,87.43
27Q100,P.S. 100 GLEN MORRIS,6/14/2024,90.16
27Q104,P.S. 104 THE BAYS WATER,6/14/2024,77.88
27Q105,P.S. 105 THE BAY SCHOOL,6/14/2024,74.15
27Q106,LIGHTHOUSE ELEMENTARY SCHOOL,6/14/2024,80.12
27Q108,P.S. 108 CAPTAIN VINCENT G. FOWLER,6/14/2024,88.69
27Q114,P.S. M.S. 114 BELLE HARBOR,6/14/2024,91.02
27Q123,P.S. 123,6/14/2024,86.97
27Q124,P.S. 124 OSMOND A CHURCH,6/14/2024,87.30
27Q137,M.S. 137 AMERICA S SCHOOL OF HEROES,6/14/2024,87.46
27Q146,P.S. 146 HOWARD BEACH,6/14/2024,88.90
27Q155,P.S. 155,6/14/2024,88.18
27Q183,P.S. 183 DR. RICHARD R. GREEN,6/14/2024,78.90
27Q197,P.S. 197 THE OCEAN SCHOOL,6/14/2024,82.77
27Q202,J.H.S. 202 ROBERT H. GODDARD,6/14/2024,86.32
27Q207,P.S. 207 ROCKWOOD PARK,6/14/2024,92.26
27Q210,J.H.S. 210 ELIZABETH BLACKWELL,6/14/2024,88.21
27Q223,P.S. 223 LYNDON B. JOHNSON,6/14/2024,79.86
27Q226,J.H.S. 226 VIRGIL I. GRISSOM,6/14/2024,83.24
27Q232,P.S. 232 LINDENWOOD,6/14/2024,87.73
27Q253,THE RANDOLPH HOLDER SCHOOL FOR SOCIAL JUSTICE,6/14/2024,83.56
27Q254,P.S. 254   THE ROSA PARKS SCHOOL,6/14/2024,86.73
27Q262,CHANNEL VIEW SCHOOL FOR RESEARCH,6/14/2024,84.84
27Q273,P.S. 273,6/14/2024,85.62
27Q282,KNOWLEDGE AND POWER PREPARATORY ACADEMY VI,6/14/2024,96.18
27Q297,HAWTREE CREEK MIDDLE SCHOOL,6/14/2024,89.40
27Q306,NEW YORK CITY ACADEMY FOR DISCOVERY,6/14/2024,88.28
27Q309,ACADEMY OF MEDICAL TECHNOLOGY: A COLLEGE BOARD SCH,6/14/2024,57.69
27Q316,QUEENS EXPLORERS ELEMENTARY SCHOOL,6/14/2024,73.58
27Q317,WATERSIDE CHILDREN S STUDIO SCHOOL,6/14/2024,87.52
27Q318,WATERSIDE SCHOOL FOR LEADERSHIP,6/14/2024,87.86
27Q319,VILLAGE ACADEMY,6/14/2024,75.00
27Q323,SCHOLARS  ACADEMY,6/14/2024,97.30
27Q333,GOLDIE MAPLE ACADEMY,6/14/2024,83.49
27Q336,DISTRICT 27 PRE K CENTER,6/14/2024,86.50
27Q362,WAVE PREPARATORY ELEMENTARY SCHOOL,6/14/2024,87.75
27Q377,S.T.A.R. LEADERSHIP ACADEMY,6/14/2024,86.31
28Q008,J.H.S. 008 RICHARD S. GROSSLEY,6/14/2024,81.35
28Q040,P.S. 040 SAMUEL HUNTINGTON,6/14/2024,84.76
28Q048,DAVID N. DINKINS SCHOOL,6/14/2024,86.84
28Q050,P.S. 050 TALFOURD LAWN ELEMENTARY SCHOOL,6/14/2024,88.26
28Q054,P.S. 054 HILLSIDE,6/14/2024,92.15
28Q055,P.S. 055 MAURE,6/14/2024,87.72
28Q072,CATHERINE   COUNT BASIE MIDDLE SCHOOL 72,6/14/2024,85.89
28Q080,PS 80  THE THURGOOD MARSHALL MAGNET SCHOOL OF MULT,6/14/2024,84.53
28Q082,P.S. 082 HAMMOND,6/14/2024,86.68
28Q086,P.S. Q086,6/14/2024,88.43
28Q099,P.S. 099 KEW GARDENS,6/14/2024,88.82
28Q101,P.S. 101 SCHOOL IN THE GARDENS,6/14/2024,94.47
28Q117,P.S. 117 J. KELD   BRIARWOOD SCHOOL,6/14/2024,88.84
28Q121,P.S. 121 QUEENS,6/14/2024,88.09
28Q139,P.S. 139 REGO PARK,6/14/2024,87.37
28Q140,P.S. 140 EDWARD K ELLINGTON,6/14/2024,86.85
28Q144,P.S. 144 COL JEROMUS REMSEN,6/14/2024,94.03
28Q157,J.H.S. 157 STEPHEN A. HALSEY,6/14/2024,71.54
28Q160,P.S. 160 WALTER FRANCIS BISHOP,6/14/2024,86.20
28Q161,P.S. 161 ARTHUR ASHE SCHOOL,6/14/2024,90.17
28Q167,METROPOLITAN EXPEDITIONARY LEARNING SCHOOL,6/14/2024,89.33
28Q174,P.S. 174 WILLIAM SIDNEY MOUNT,6/14/2024,92.46
28Q175,P.S. 175 THE LYNN GROSS DISCOVERY SCHOOL,6/14/2024,88.29
28Q182,P.S. 182 SAMANTHA SMITH,6/14/2024,89.37
28Q190,J.H.S. 190 RUSSELL SAGE,6/14/2024,83.09
28Q196,P.S. 196 GRAND CENTRAL PARKWAY,6/14/2024,91.79
28Q206,P.S. 206 THE HORACE HARDING SCHOOL,6/14/2024,87.56
28Q217,J.H.S. 217 ROBERT A. VAN WYCK,6/14/2024,86.47
28Q220,P.S. 220 EDWARD MANDEL,6/14/2024,86.51
28Q284,YORK EARLY COLLEGE ACADEMY,6/14/2024,86.32
28Q287,THE EMERSON SCHOOL,6/14/2024,79.56
28Q303,THE ACADEMY FOR EXCELLENCE THROUGH THE ARTS,6/14/2024,93.78
28Q310,QUEENS COLLEGIATE: A COLLEGE BOARD SCHOOL,6/14/2024,74.09
28Q312,JAMAICA CHILDREN S SCHOOL,6/14/2024,81.27
28Q332,REDWOOD MIDDLE SCHOOL,6/14/2024,75.08
28Q335,THE EZRA JACK KEATS PRE K CENTER,6/14/2024,87.21
28Q349,THE QUEENS SCHOOL FOR LEADERSHIP AND EXCELLENCE,6/14/2024,89.98
28Q354,THE JERMAINE L. GREEN STEM INSTITUTE OF QUEENS,6/14/2024,84.90
28Q358,M.S. 358,6/14/2024,83.76
28Q680,QUEENS GATEWAY TO HEALTH SCIENCES SECONDARY SCHOOL,6/14/2024,92.93
28Q896,"YOUNG WOMEN S LEADERSHIP SCHOOL, QUEENS",6/14/2024,28.79
29Q015,P.S. 015 JACKIE ROBINSON,6/14/2024,87.38
29Q033,P.S. 033 EDWARD M. FUNK,6/14/2024,89.66
29Q034,P.S. 034 JOHN HARVARD,6/14/2024,90.02
29Q035,P.S. 035 NATHANIEL WOODHULL,6/14/2024,85.27
29Q036,P.S. 036 SAINT ALBANS SCHOOL,6/14/2024,83.16
29Q037,CYNTHIA JENKINS SCHOOL,6/14/2024,80.47
29Q038,P.S. 038 ROSEDALE,6/14/2024,84.41
29Q052,P.S. 052 QUEENS,6/14/2024,79.05
29Q059,I.S. 059 SPRINGFIELD GARDENS,6/14/2024,78.84
29Q095,P.S. 095 EASTWOOD,6/14/2024,84.12
29Q109,JEAN NUZZI INTERMEDIATE SCHOOL,6/14/2024,80.94
29Q116,P.S. I.S. 116 WILLIAM C. HUGHLEY,6/14/2024,84.65
29Q118,P.S. 118 LORRAINE HANSBERRY,6/14/2024,79.29
29Q131,P.S. 131 ABIGAIL ADAMS,6/14/2024,85.58
29Q132,P.S. 132 RALPH BUNCHE,6/14/2024,85.90
29Q134,P.S. 134 HOLLIS,6/14/2024,87.33
29Q135,THE BELLAIRE SCHOOL,6/14/2024,87.82
29Q136,P.S. 136 ROY WILKINS,6/14/2024,85.21
29Q138,P.S. M.S. 138 SUNRISE,6/14/2024,83.07
29Q147,P.S. M.S. 147 RONALD MCNAIR,6/14/2024,84.70
29Q156,P.S. 156 LAURELTON,6/14/2024,93.33
29Q176,P.S. 176 CAMBRIA HEIGHTS,6/14/2024,90.47
29Q181,P.S. 181 BROOKFIELD,6/14/2024,84.98
29Q192,I.S. 192 THE LINDEN,6/14/2024,87.15
29Q195,P.S. 195 WILLIAM HABERLE,6/14/2024,75.83
29Q208,P.S. I.S. 208,6/14/2024,89.43
29Q238,I.S. 238   SUSAN B. ANTHONY ACADEMY,6/14/2024,86.68
29Q251,P.S. 251 QUEENS,6/14/2024,86.44
29Q259,PATHWAYS COLLEGE PREPARATORY SCHOOL: A COLLEGE BOA,6/14/2024,78.52
29Q268,P.S. I.S. 268,6/14/2024,85.86
29Q270,THE GORDON PARKS SCHOOL,6/14/2024,75.63
29Q283,PREPARATORY ACADEMY FOR WRITERS: A COLLEGE BOARD S,6/14/2024,100.00
29Q289,QUEENS UNITED MIDDLE SCHOOL,6/14/2024,86.23
29Q295,P.S. I.S. 295,6/14/2024,94.59
29Q327,EAGLE ACADEMY FOR YOUNG MEN III,6/14/2024,98.70
29Q355,COLLABORATIVE ARTS MIDDLE SCHOOL,6/14/2024,76.12
29Q356,COMMUNITY VOICES MIDDLE SCHOOL,6/14/2024,87.93
29Q360,P.S. 360,6/14/2024,91.78
29Q381,DISTRICT 29 PRE K CENTER,6/14/2024,72.72
30Q002,P.S. 002 ALFRED ZIMBERG,6/14/2024,92.37
30Q010,I.S. 010 HORACE GREELEY,6/14/2024,86.70
30Q011,P.S. 011 KATHRYN PHELAN,6/14/2024,92.97
30Q017,P.S. 017 HENRY DAVID THOREAU,6/14/2024,82.25
30Q069,P.S. 069 JACKSON HEIGHTS,6/14/2024,91.32
30Q070,P.S. 070,6/14/2024,87.88
30Q076,P.S. 076 WILLIAM HALLET,6/14/2024,81.56
30Q078,P.S. I.S. 78Q,6/14/2024,91.37
30Q084,P.S. 084 STEINWAY,6/14/2024,85.43
30Q085,P.S. 085 JUDGE CHARLES VALLONE,6/14/2024,89.88
30Q092,P.S. 092 HARRY T. STEWART SR.,6/14/2024,93.24
30Q111,P.S. 111 JACOB BLACKWELL,6/14/2024,77.00
30Q112,P.S. 112 DUTCH KILLS,6/14/2024,83.30
30Q122,P.S. 122 MAMIE FAY,6/14/2024,90.65
30Q126,ALBERT SHANKER SCHOOL FOR VISUAL AND PERFORMING AR,6/14/2024,81.72
30Q127,P.S. 127 AEROSPACE SCIENCE MAGNET SCHOOL,6/14/2024,88.12
30Q141,I.S. 141 THE STEINWAY,6/14/2024,85.22
30Q145,I.S. 145 JOSEPH PULITZER,6/14/2024,91.69
30Q148,P.S. 148 QUEENS,6/14/2024,91.65
30Q149,P.S. 149 CHRISTA MCAULIFFE,6/14/2024,92.54
30Q150,P.S. 150 QUEENS,6/14/2024,91.15
30Q151,P.S. 151 MARY D. CARTER,6/14/2024,86.10
30Q152,P.S. 152 GWENDOLINE N. ALLEYNE SCHOOL,6/14/2024,94.48
30Q166,P.S. 166 HENRY GRADSTEIN,6/14/2024,92.11
30Q171,P.S. 171 PETER G. VAN ALST,6/14/2024,86.24
30Q204,I.S. 204 OLIVER W. HOLMES,6/14/2024,88.73
30Q212,P.S. 212,6/14/2024,94.52
30Q222,P.S. Q222   FIRE FIGHTER CHRISTOPHER A. SANTORA SC,6/14/2024,92.82
30Q227,I.S. 227 LOUIS ARMSTRONG,6/14/2024,95.13
30Q228,THE IVAN LAFAYETTE EARLY CHILDHOOD SCHOOL OF THE A,6/14/2024,89.79
30Q230,I.S. 230,6/14/2024,91.23
30Q234,P.S. 234,6/14/2024,88.66
30Q235,ACADEMY FOR NEW AMERICANS,6/14/2024,80.62
30Q280,PS280Q: HOME OF THE LIONHEARTS,6/14/2024,94.39
30Q286,"YOUNG WOMEN S LEADERSHIP SCHOOL, ASTORIA",6/14/2024,92.18
30Q291,HUNTERS POINT COMMUNITY MIDDLE SCHOOL,6/14/2024,86.25
30Q300,THE 30TH AVENUE SCHOOL  G T CITYWIDE,6/14/2024,95.88
30Q329,EAST ELMHURST COMMUNITY SCHOOL,6/14/2024,86.28
30Q361,THE WOODSIDE COMMUNITY SCHOOL,6/14/2024,93.97
30Q384,HUNTERS POINT ELEMENTARY SCHOOL,6/14/2024,92.58
30Q389,DISTRICT 30 PRE K CENTER,6/14/2024,NS
30Q398,THE HECTOR FIGUEROA SCHOOL,6/14/2024,96.11
30Q429,I.S 429,6/14/2024,88.11
31R001,P.S. 001 TOTTENVILLE,6/14/2024,90.46
31R002,I.S. R002 GEORGE L. EGBERT,6/14/2024,84.80
31R003,P.S. 003 THE MARGARET GIOIOSA SCHOOL,6/14/2024,89.92
31R004,P.S. 004 MAURICE WOLLIN,6/14/2024,90.02
31R005,P.S. 005 HUGUENOT,6/14/2024,89.90
31R006,P.S. 6 CORPORAL ALLAN F. KIVLEHAN SCHOOL,6/14/2024,90.61
31R007,I.S. 007 ELIAS BERNSTEIN,6/14/2024,81.23
31R008,P.S. 8 SHIRLEE SOLOMON,6/14/2024,93.71
31R009,NAPLES STREET ELEMENTARY SCHOOL,6/14/2024,89.93
31R010,FORT HILL COLLABORATIVE ELEMENTARY SCHOOL,6/14/2024,81.37
31R011,P.S. 11 THOMAS DONGAN SCHOOL,6/14/2024,87.93
31R013,P.S. 013 M. L. LINDEMEYER,6/14/2024,87.21
31R016,P.S. 016 JOHN J. DRISCOLL,6/14/2024,84.38
31R018,P.S. 018 JOHN G. WHITTIER,6/14/2024,85.11
31R019,P.S. 019 THE CURTIS SCHOOL,6/14/2024,91.09
31R020,P.S. 020 PORT RICHMOND,6/14/2024,85.35
31R021,P.S. 21 MARGARET EMERY ELM PARK,6/14/2024,81.81
31R022,P.S. 022 GRANITEVILLE,6/14/2024,89.14
31R023,P.S. 023 RICHMONDTOWN,6/14/2024,93.12
31R024,I.S. 024 MYRA S. BARNES,6/14/2024,92.34
31R026,P.S. 026 THE CARTERET SCHOOL,6/14/2024,97.79
31R027,I.S. 027 ANNING S. PRALL,6/14/2024,84.76
31R028,THE EAGLE ACADEMY FOR YOUNG MEN OF STATEN ISLAND,6/14/2024,80.97
31R029,P.S. 029 BARDWELL,6/14/2024,92.30
31R030,P.S. 030 WESTERLEIGH,6/14/2024,89.89
31R031,P.S. 031 WILLIAM T. DAVIS,6/14/2024,84.46
31R032,P.S. 032 THE GIFFORD SCHOOL,6/14/2024,88.92
31R034,I.S. 034 TOTTENVILLE,6/14/2024,72.93
31R035,P.S. 35 THE CLOVE VALLEY SCHOOL,6/14/2024,90.53
31R036,P.S. 036 J. C. DRUMGOOLE,6/14/2024,95.90
31R038,P.S. 038 GEORGE CROMWELL,6/14/2024,83.46
31R039,P.S. 39 FRANCIS J. MURPHY JR.,6/14/2024,87.24
31R041,THE STEPHANIE A. VIERNO SCHOOL,6/14/2024,94.71
31R042,P.S. 042 ELTINGVILLE,6/14/2024,91.51
31R044,P.S. 044 THOMAS C. BROWN,6/14/2024,82.57
31R045,P.S. 045 JOHN TYLER,6/14/2024,92.16
31R046,P.S. 046 ALBERT V. MANISCALCO,6/14/2024,87.36
31R048,P.S. 048 WILLIAM G. WILCOX,6/14/2024,91.31
31R049,I.S. 49 BERTA A. DREYFUS,6/14/2024,73.68
31R050,P.S. 050 FRANK HANKINSON,6/14/2024,87.36
31R051,I.S. 051 EDWIN MARKHAM,6/14/2024,83.20
31R052,P.S. 052 JOHN C. THOMPSON,6/14/2024,94.24
31R053,THE BARBARA ESSELBORN SCHOOL,6/14/2024,90.81
31R054,P.S. 054 CHARLES W. LENG,6/14/2024,91.17
31R055,P.S. 055 HENRY M. BOEHM,6/14/2024,90.78
31R056,P.S. 56 THE LOUIS DESARIO SCHOOL,6/14/2024,91.62
31R057,P.S. 057 HUBERT H. HUMPHREY,6/14/2024,86.27
31R058,SPACE SHUTTLE COLUMBIA SCHOOL,6/14/2024,91.28
31R059,THE HARBOR VIEW SCHOOL,6/14/2024,86.23
31R060,P.S. 060 ALICE AUSTEN,6/14/2024,90.23
31R061,I.S. 061 WILLIAM A MORRIS,6/14/2024,78.51
31R062,THE KATHLEEN GRIMM SCHOOL FOR LEADERSHIP AND SUSTA,6/14/2024,89.40
31R065,P.S. 65 THE ACADEMY OF INNOVATIVE LEARNING,6/14/2024,87.19
31R066,THE RICHMOND PRE K CENTER,6/14/2024,89.09
31R068,PORT RICHMOND SCHOOL FOR VISIONARY LEARNING,6/14/2024,84.05
31R069,P.S. 069 DANIEL D. TOMPKINS,6/14/2024,91.66
31R072,I.S. 072 ROCCO LAURIE,6/14/2024,86.88
31R074,P.S. 74 FUTURE LEADERS ELEMENTARY SCHOOL,6/14/2024,81.39
31R075,I.S. 075 FRANK D. PAULO,6/14/2024,88.48
31R078,P.S. 78,6/14/2024,82.75
31R080,THE MICHAEL J. PETRIDES SCHOOL,6/14/2024,85.91
31R084,THE WAVERLY ACADEMY OF EMPOWERED LEARNERS,6/14/2024,81.60
31R085,THE YOUNG WOMENS LEADERSHIP SCHOOL OF STATEN ISLA,6/14/2024,74.40
31R861,STATEN ISLAND SCHOOL OF CIVIC LEADERSHIP,6/14/2024,87.95
32K045,P.S. I.S. 045 HORACE E. GREENE,6/14/2024,89.25
32K075,P.S. 075 MAYDA CORTIELLA,6/14/2024,89.86
32K086,P.S. 086 THE IRVINGTON,6/14/2024,93.06
32K106,P.S. 106 EDWARD EVERETT HALE,6/14/2024,91.53
32K116,P.S. 116 ELIZABETH L FARRELL,6/14/2024,90.75
32K123,P.S. 123 SUYDAM,6/14/2024,89.69
32K145,P.S. 145 ANDREW JACKSON,6/14/2024,90.32
32K151,P.S. 151 LYNDON B. JOHNSON,6/14/2024,86.86
32K162,J.H.S. 162 THE WILLOUGHBY,6/14/2024,93.20
32K274,P.S. 274 KOSCIUSKO,6/14/2024,91.45
32K291,J.H.S. 291 ROLAND HAYES,6/14/2024,85.94
32K299,P.S. 299 THOMAS WARREN FIELD,6/14/2024,83.80
32K347,I.S. 347 SCHOOL OF HUMANITIES,6/14/2024,90.08
32K349,"I.S. 349 MATH, SCIENCE   TECH.",6/14/2024,85.92
32K376,P.S. 376,6/14/2024,89.46
32K377,P.S. 377 ALEJANDRINA B. DE GAUTIER,6/14/2024,87.50
32K383,J.H.S. 383 PHILIPPA SCHUYLER,6/14/2024,85.83
32K384,P.S.  I.S. 384 FRANCES E. CARTER,6/14/2024,89.83
32K554,ALL CITY LEADERSHIP SECONDARY SCHOOL,6/14/2024,96.02
32K562,EVERGREEN MIDDLE SCHOOL FOR URBAN EXPLORATION,6/14/2024,94.05
75K004,P.S. K004,6/14/2024,81.17
75K036,P.S. 36,6/14/2024,77.36
75K053,P.S. K053,6/14/2024,84.48
75K077,P.S. K077,6/14/2024,85.75
75K140,P.S. K140,6/14/2024,81.26
75K141,P.S. K141,6/14/2024,79.31
75K231,P.S. K231,6/14/2024,89.76
75K368,P.S. 368,6/14/2024,71.85
75K369,P.S. K369   COY L. COX SCHOOL,6/14/2024,74.84
75K370,P.S. 370,6/14/2024,86.31
75K371,P.S. 371   LILLIAN L. RASHKIS,6/14/2024,59.65
75K372,P.S. 372  THE CHILDREN S SCHOOL,6/14/2024,90.68
75K373,P.S. 373   BROOKLYN TRANSITION CENTER,6/14/2024,75.96
75K396,SID MILLER ACADEMY,6/14/2024,77.35
75K721,P.S. K721   BROOKLYN OCCUPATIONAL TRAINING CENTER,6/14/2024,79.68
75K753,P.S. K753   SCHOOL FOR CAREER DEVELOPMENT,6/14/2024,NS
75K771,P.S. K771,6/14/2024,85.15
75K811,P.S. K811 CONNIE LEKAS SCHOOL,6/14/2024,73.58
75M035,P.S. 035,6/14/2024,89.47
75M079,P.S. M079   HORAN SCHOOL,6/14/2024,66.50
75M094,P.S. M094,6/14/2024,68.95
75M138,P.S. 138,6/14/2024,79.26
75M169,P.S. M169   ROBERT F. KENNEDY,6/14/2024,75.00
75M226,P.S. M226,6/14/2024,85.12
75M721,P.S. M721   MANHATTAN OCCUPATIONAL TRAINING CENTER,6/14/2024,76.64
75M751,MANHATTAN SCHOOL FOR CAREER DEVELOPMENT,6/14/2024,75.72
75M811,P.S. M811   MICKEY MANTLE SCHOOL,6/14/2024,72.95
75Q004,P.S. Q004,6/14/2024,90.56
75Q009,P.S. 009,6/14/2024,82.81
75Q023,P.S. Q023   QUEENS CHILDREN CENTER,6/14/2024,82.10
75Q075,ROBERT E. PEARY SCHOOL,6/14/2024,79.17
75Q177,P.S. Q177,6/14/2024,84.09
75Q224,P.S. Q224,6/14/2024,86.68
75Q233,P.S. Q233,6/14/2024,86.00
75Q255,P.S. Q255,6/14/2024,90.23
75Q256,P.S. Q256,6/14/2024,68.22
75Q277,THE RIVERVIEW SCHOOL,6/14/2024,81.14
75Q721,JOHN F. KENNEDY JR. SCHOOL,6/14/2024,80.15
75Q752,QUEENS TRANSITION CENTER,6/14/2024,78.74
75Q811,P.S. Q811,6/14/2024,82.02
75Q993,P.S. Q993,6/14/2024,83.98
75R025,SOUTH RICHMOND HIGH SCHOOL I.S. P.S. 25,6/14/2024,77.96
75R037,THE DAVID MARQUIS SCHOOL OF THE ARTS,6/14/2024,88.05
75R373,P.S. R373,6/14/2024,82.30
75R721,THE RICHARD H. HUNGERFORD SCHOOL,6/14/2024,87.04
75X010,P.S. X010,6/14/2024,81.94
75X012,P.S. X012 LEWIS AND CLARK SCHOOL,6/14/2024,66.50
75X017,P.S. X017,6/14/2024,81.59
75X168,P.S. 168,6/14/2024,76.99
75X176,P.S. X176,6/14/2024,81.55
75X186,P186X WALTER J. DAMROSCH SCHOOL,6/14/2024,78.61
75X188,P.S. X188,6/14/2024,84.49
75X352,THE VIDA BOGART SCHOOL FOR ALL CHILDREN,6/14/2024,100.00
75X469,THE BRONX SCHOOL FOR CONTINUOUS LEARNERS,6/14/2024,75.74
75X596,P.S. X596,6/14/2024,85.92
75X721,P.S. X721   STEPHEN MCSWEENEY SCHOOL,6/14/2024,72.65
75X723,P.S. 723,6/14/2024,76.35
75X754,J. M. RAPPORT SCHOOL CAREER DEVELOPMENT,6/14/2024,53.88
75X811,P.S. X811,6/14/2024,71.94
